<?xml version="1.0" encoding="UTF-8"?>
<!-- edited with XMLSPY v2004 rel. 3 U (http://www.xmlspy.com) by Robert Morris (UMASS Boston CSLabs) -->
<Datasets xmlns="http://www.tdwg.org/2004/SDD_091" xmlns:xsi="http://www.w3.org/2001/XMLSchema-instance" xsi:schemaLocation="http://www.tdwg.org/2004/SDD_091 SDD.xsd">
	<Dataset>
		<!-- 
		This abbreviated dataset illustrates how one might us xi:xinclude for shared vocabulary. Represented in it are three species of Ithomid butterflies.In the (unrealistic!) data, the (real!) species  have a single diagnostic character: "wing color". The species Aeria eurimedea, Ithomia patilla, and Greta ono  have, respectively Entities/ClassNames/ClassName@key=1, 2, 3.  

	The species are distinguished by wing color which is (in English), respectively  chartreuse,  pink, and white. However, each of these colors comes from a different one of the three ways that categorical characters can be defined
       + chartreuse is purely local to the wing color character,
       +  pink is is shared across the dataset by the ConceptTrees mechanism in a Concept labeled "datasetSharedColors", and 
       +  white is a color imported with xi:xinclude in another concept labeled "gbifSharedColors".
 	
       Each of these gets a key, so can be referenced in Descriptions. Pending further discussion begun in Berlin of the key syntax, the first two of these get standard numeric keys, and the external one gets an LSID, urn:LSID:lsid.gbif.net:sdd.standardColorsConcept:1

	While it may not be entirely natural to spread such related categorical states across these three mechanisms, it is not difficult to imagine cases where, say, an author wishes to override an imported notion of some particular color with a more local one. 

	Pending schema discussion about key representation in support of shared terminology, this example is accompanied by a version of 091b16 in which several changes are made to accommodate the xi:xinclude proposal. Its details should largely survive specific changes to the key representation as may be decided. First,  I changed the KeyType to be xs:string to accommodate the proposed LSIDs as keys. Second, some ommissions in some relevant  b16 identity constraints are fixed.  

	Finally, note that  XInclude and validation are independent of one another (See http://www.xml.com/lpt/a/2002/07/31/xinclude.html). This means that a given validator is not obliged to run an XInclude processor before it attempts to validate. In particular, XML Spy 2004 v 3 seems to have no way to force an XInclude, so at least if there are forward keyrefs to stuff in the include target (as there are iin this example) the references will fail to correspond to a key that is visible at the time the reference is read, and the file will be signalled as invalid even if imposing the inclusion (e.g. by hand) would result in a valid file. In practice, this means that authoring with XML Spy will entail putting in place whatever you are going to xi:xinclude until you have it all right, then cutting it into an external file to be replaced by the xi:xinclude. This may be less onerous than it sounds, because in reality instance documents would rarely be generated with an XML editor other than for purposes of testing the Schema of designing or testing instance document production and consumption applications. In production, one would expect to run an XInclude processor before parsing. Using Spy, I have found nothing to do but develop with the xincluded stuff, then cut and paste it and insert the xs:include element.

	There is experimental support for XInclude in apache2. I haven't tried it against this example. 

Bob Morris 6 June 2004

-->
		<Derivation datetime="2004-05-03T10:00:00">
			<Transformations>
				<OnPublicObjects>
					<Action kindofchange="None" debugdescription="handcrafted document, no export!"/>
				</OnPublicObjects>
				<WithinPublicObjects>
					<Action kindofchange="None" debugdescription="handcrafted document, no export!"/>
				</WithinPublicObjects>
			</Transformations>
			<Generator name="n/a, handcrafted instance document" version="39.6" notes="(c) R Morris, 2004"/>
		</Derivation>
		<ProjectMetadata>
			<Description>
				<Representation language="en">
					<Title>xinclude example</Title>
					<DescriptionText>Example using a shared concept for colors</DescriptionText>
					<Coverage>Just a few colors</Coverage>
					<WebAddress>http://www.DiversityCampus.net/Projects/TDWG-SDD</WebAddress>
				</Representation>
				<Representation language="de">
					<Title>xinclude Beispiel</Title>
					<Coverage>nur einege Farben</Coverage>
				</Representation>
			</Description>
			<Version>
				<Major>0</Major>
				<Minor>9</Minor>
				<Modifier>beta</Modifier>
				<VersionReleaseDate>2003-11-28</VersionReleaseDate>
			</Version>
			<RevisionData>
				<Authors>
					<Agent ref="1" firstcontribution="2001-01-01T00:00:00Z" lastcontribution="2003-12-01T15:35:00Z"/>
				</Authors>
				<InitiationDate>1999-08-13T00:00:00</InitiationDate>
				<LastRevisionDate>2004-05-03T00:00:00</LastRevisionDate>
				<RevisionStatus>Unrevised</RevisionStatus>
			</RevisionData>
			<IPRStatements>
				<Representation language="en">
					<Copyright>
						<ShortText>(c) 2002 Allmende Biological Research Station</ShortText>
						<Details>(c) 2002 Allmende Biological Research Station. All rights reserved. No part of this data may be....</Details>
					</Copyright>
					<TermsOfUse>
						<ShortText>Can be freely used as long as ...</ShortText>
					</TermsOfUse>
					<Disclaimer>
						<ShortText>Text</ShortText>
					</Disclaimer>
					<Acknowledgement>
						<ShortText>The work was made possible by a grant from ...</ShortText>
					</Acknowledgement>
				</Representation>
				<Representation language="de">
					<Copyright>
						<ShortText>(c) 2002 Allmende Biologische Forschungsstation</ShortText>
					</Copyright>
					<TermsOfUse>
						<ShortText>Die Daten dürfen frei verwendet werden, solange ...</ShortText>
					</TermsOfUse>
				</Representation>
			</IPRStatements>
		</ProjectMetadata>
		<GeneralDeclarations>
			<Audiences>
				<!-- unlimited number of elements . The key values should have the form "languagecode + expertiselevel + letter to distinguish variants". For each (linguistic) audience defined here, labels, wordings and perhaps other elements may be defined differently throughout the rest of the instance document (as referenced by audience="xx") -->
				<!-- ExpertiseLevel should be 0 to 5. Recommendations for interpreting and choosing the expert level:
 0 = unspecifed Expertise level (not known or defined, used esp. when exporting legacy data from databases, DELTA, etc.
 1 = elementary school (year 1 to 6)
 2 = middle school (year 7 to 10)
 3 = high school (year 11 above) and general public (trying to avoid any specialized terminology or jargon)
 4 = university students or (partly) trained personnel (using terminology, but avoiding or explaining problematic terminology)
 5 = experts (using the full range of terminology) -->
				<Audience audiencekey="en">
					<Label>
						<Text>English</Text>
						<Description>English vocabulary (undefined expertise level of audience)</Description>
					</Label>
					<Specification>
						<Language>en</Language>
						<ExpertiseLevel>0</ExpertiseLevel>
					</Specification>
				</Audience>
				<Audience audiencekey="de">
					<Label>
						<Text>Deutsch</Text>
						<Description>Deutsch (erforderliches Fachwissen unbekannt, wurde nicht definiert)</Description>
					</Label>
					<Specification>
						<Language>de</Language>
						<ExpertiseLevel>0</ExpertiseLevel>
					</Specification>
				</Audience>
			</Audiences>
			<UnivariateStatisticalMeasures>
				<UnivariateStatisticalMeasure key="4">
					<Label>
						<Representation audience="en">
							<Text>ForeWing length Max</Text>
						</Representation>
					</Label>
					<Specification>
						<ReportingClass>Max</ReportingClass>
						<IsDimensionless>true</IsDimensionless>
						<Method>Extreme</Method>
						<MethodValue>1</MethodValue>
					</Specification>
				</UnivariateStatisticalMeasure>
				<UnivariateStatisticalMeasure key="3">
					<Label>
						<Representation audience="en">
							<Text>ForeWing length Min</Text>
						</Representation>
					</Label>
					<Specification>
						<ReportingClass>Min</ReportingClass>
						<IsDimensionless>true</IsDimensionless>
						<Method>Extreme</Method>
						<MethodValue>-1</MethodValue>
					</Specification>
				</UnivariateStatisticalMeasure>
			</UnivariateStatisticalMeasures>
			<MeasurementUnits>
				<MeasurementUnit key="2">
					<Label>
						<Representation audience="en">
							<Text>meters</Text>
						</Representation>
					</Label>
					<InternationalAbbreviation>m</InternationalAbbreviation>
					<Specification>
						<IsScientificUnit>true</IsScientificUnit>
						<IsPrefixUnit>false</IsPrefixUnit>
					</Specification>
				</MeasurementUnit>
				<MeasurementUnit key="1">
					<Label>
						<Representation audience="en">
							<Text>millimeters</Text>
						</Representation>
					</Label>
					<InternationalAbbreviation>mm</InternationalAbbreviation>
					<Specification>
						<IsScientificUnit>true</IsScientificUnit>
						<IsPrefixUnit>false</IsPrefixUnit>
					</Specification>
				</MeasurementUnit>
			</MeasurementUnits>
		</GeneralDeclarations>
		<Entities>
			<ClassNames>
				<ClassName key="1">
					<Label>
						<Representation language="en">
							<Text>Aeria eurimedea</Text>
						</Representation>
					</Label>
					<ObjectLink>
						<LSID>urn:LSID:lsid.gbif.net:www.cs.umb.edu:1029</LSID>
						<URL>http://www.cs.umb.edu/efg//search?ID=1029</URL>
					</ObjectLink>
					<RankLevel>species</RankLevel>
				</ClassName>
				<ClassName key="2">
					<Label>
						<Representation language="en">
							<Text>Ithomia patilla</Text>
						</Representation>
					</Label>
					<ObjectLink>
						<LSID>urn:LSID:lsid.gbif.net:www.cs.umb.edu:1031</LSID>
						<URL>http://www.cs.umb.edu/efg//search?ID=1031</URL>
					</ObjectLink>
					<RankLevel>species</RankLevel>
				</ClassName>
				<ClassName key="3">
					<Label>
						<Representation language="en">
							<Text>Greta ono</Text>
						</Representation>
					</Label>
					<ObjectLink>
						<LSID>urn:LSID:lsid.gbif.net:www.cs.umb.edu:1032</LSID>
						<URL>http://www.cs.umb.edu/efg//search?ID=1032</URL>
					</ObjectLink>
					<RankLevel>species</RankLevel>
				</ClassName>
			</ClassNames>
		</Entities>
		<Resources>
			<Agents>
				<Agent key="1">
					<Label>
						<Representation language="en">
							<Text>Robert A. Morris</Text>
						</Representation>
					</Label>
					<ObjectLink>
						<URL>http://www.cs.umb.edu/efg</URL>
					</ObjectLink>
					<LastName>Morris</LastName>
					<FirstNames>Robert A.</FirstNames>
					<Homepage>http://www.cs.umb.edu/~ram</Homepage>
				</Agent>
			</Agents>
		</Resources>
		<DescriptiveData>
			<ConfigurationData>
				<PresentationDefaults>
					<Audience audience="en"/>
				</PresentationDefaults>
			</ConfigurationData>
			<Terminology>
				<Modifiers>
					<General>
						<Modifier key="1">
							<Label>
								<Representation audience="en">
									<Text>(shaded yellow to orange)</Text>
								</Representation>
							</Label>
						</Modifier>
						<Modifier key="2">
							<Label>
								<Representation audience="en">
									<Text>(only 1 to 3 spots at apex)</Text>
								</Representation>
							</Label>
						</Modifier>
						<Modifier key="3">
							<Label>
								<Representation audience="en">
									<Text>(4 or more spots along margin)</Text>
								</Representation>
							</Label>
						</Modifier>
						<Modifier key="4">
							<Label>
								<Representation audience="en">
									<Text>(clear with black veins)</Text>
								</Representation>
							</Label>
						</Modifier>
					</General>
				</Modifiers>
				<Characters>
					<Character key="1">
						<Label>
							<Representation audience="en">
								<Text>Wing color</Text>
							</Representation>
						</Label>
						<Categorical>
							<States>
								<StateDefinition key="11">
									<Label>
										<Representation audience="en">
											<Text>chartreuse</Text>
										</Representation>
									</Label>
								</StateDefinition>
								<StateDefinition key="22">
									<Label>
										<Representation audience="en">
											<Text>golden-brown</Text>
										</Representation>
									</Label>
								</StateDefinition>
								<StateReference key="61" ref="3" debugref="Datasets/Dataset/Terminology/ConceptTrees/ConceptTree/Concept/ConceptStates/StateDefinition/@key=3   Text :=pink"/>
								<StateReference key="114" ref="21" debugref="Datasets/Dataset/Terminology/ConceptTrees/ConceptTree/Concept/ConceptStates/StateDefinition/@key=21   Text :=purple"/>
								<StateReference key="urn:LSID:lsid.gbif.net:sdd.standardColor.white:1" ref="urn:LSID:lsid.gbif.net:sdd.standardColor.white:1" debugref="Datasets/Dataset/Terminology/ConceptTrees/ConceptTree/Concept/ConceptStates/StateDefinition/@key=urn:LSID:lsid.gbif.net:sdd.standardColor.white:1   Text = white"/>
							</States>
						</Categorical>
						<Assumptions>
							<MeasurementScale>nominal</MeasurementScale>
						</Assumptions>
					</Character>
				</Characters>
				<ConceptTrees>
					<ConceptTree key="2">
						<Label>
							<Representation audience="en">
								<Text>datasetSharedColors</Text>
							</Representation>
						</Label>
						<Specification>
							<Type>PartCompositionHierarchy</Type>
							<DesignedFor>
								<Role>DescriptionEditing</Role>
								<Role>InteractiveIdentification</Role>
								<Role>ReportingTerminology</Role>
								<Role>NaturalLanguageReporting</Role>
							</DesignedFor>
						</Specification>
						<Concept key="2">
							<ReferableDefinitions>
								<ConceptStates>
									<StateDefinition key="3">
										<Label>
											<Representation audience="en">
												<Text>pink</Text>
											</Representation>
										</Label>
									</StateDefinition>
									<StateDefinition key="21">
										<Label>
											<Representation audience="en">
												<Text>purple</Text>
											</Representation>
										</Label>
									</StateDefinition>
								</ConceptStates>
							</ReferableDefinitions>
						</Concept>
					</ConceptTree>
					<xi:xinclude href="sdd.standardColors.xml"/> 
				</ConceptTrees>
			</Terminology>
			<CodedDescriptions>
				<CodedDescription key="1">
					<Header>
						<ClassName ref="1" debugref="Datasets/Dataset/Entities/ClassNames/ClassName/@key=1   Text :=Aeria eurimedea"/>
					</Header>
					<CharacterData>
						<Character ref="1" debugref="Datasets/Dataset/Terminology/Characters/Character/@key=1   Text :=Wing Color">
							<State ref="11" debugref="Datasets/Dataset/Terminology/Characters/Character/Categorical/States/StateReference/@ref=5  Text :=chartreuse"/>
						</Character>
					</CharacterData>
				</CodedDescription>
				<CodedDescription key="2">
					<Header>
						<ClassName ref="2" debugref="Datasets/Dataset/Entities/ClassNames/ClassName/@key=2   Text :=Ithomia patilla"/>
					</Header>
					<CharacterData>
						<Character ref="1" debugref="Datasets/Dataset/Terminology/Characters/Character/@key=1   Text :=Wing Color">
							<State ref="61" debugref="Datasets/Dataset/Terminology/Characters/Character/Categorical/States/StateReference/@ref=5  Text :=pink when dereferenced"/>
						</Character>
					</CharacterData>
				</CodedDescription>
				<CodedDescription key="3">
					<Header>
						<ClassName ref="3" debugref="Datasets/Dataset/Entities/ClassNames/ClassName/@key=1   Text :=Greta ono"/>
					</Header>
					<CharacterData>
						<Character ref="1" debugref="Datasets/Dataset/Terminology/Characters/Character/@key=1   Text :=Wing Color">
							<State ref="urn:LSID:lsid.gbif.net:sdd.standardColor.white:1" debugref="Datasets/Dataset/Terminology/Characters/Character/Categorical/States/StateReference/@ref=5  Text :=white when dereferenced"/>
						</Character>
					</CharacterData>
				</CodedDescription>
			</CodedDescriptions>
		</DescriptiveData>
	</Dataset>
</Datasets>
