<?xml version="1.0" encoding="UTF-8"?><!-- edited with XMLSPY v2004 rel. 3 U (http://www.xmlspy.com) by Robert Morris (UMASS Boston CSLabs) --><!-- representation of an external ConceptTree for Color  --><!-- Corresponds to SDD 0.9 beta6 --><!-- Must appear using xinclude inside a ConceptTrees --><ConceptTree key="urn:LSID:lsid.gbif.net:sdd.standardColorsConcept:1">	<Label>		<Representation audience="en">			<Text>gbifSharedColors</Text>		</Representation>	</Label>	<Specification>		<Type>PartCompositionHierarchy</Type>		<DesignedFor>			<Role>DescriptionEditing</Role>			<Role>InteractiveIdentification</Role>			<Role>ReportingTerminology</Role>			<Role>NaturalLanguageReporting</Role>		</DesignedFor>	</Specification>	<Concept key="1">		<ReferableDefinitions>			<ConceptStates>				<StateDefinition key="urn:LSID:lsid.gbif.net:sdd.standardColor.white:1">					<Label>						<Representation audience="en">							<Text>white</Text>						</Representation>					</Label>				</StateDefinition>				<StateDefinition key="urn:LSID:lsid.gbif.net:sdd.standardColor.black:1">					<Label>						<Representation audience="en">							<Text>black</Text>						</Representation>					</Label>				</StateDefinition>				<StateDefinition key="urn:LSID:lsid.gbif.net:sdd.standardColor.red:1">					<Label>						<Representation audience="en">							<Text>red</Text>						</Representation>					</Label>				</StateDefinition>			</ConceptStates>		</ReferableDefinitions>	</Concept></ConceptTree>