<?xml version="1.0"?>
<!-- This file contains the binding information -->
<!-- It is meant to be used by the Castor Source Code Generator

 -->
<n:binding xmlns:n="http://www.castor.org/SourceGenerator/Binding" xmlns:xsi="http://www.w3.org/2001/XMLSchema-instance" xsi:schemaLocation="http://www.castor.org/SourceGenerator/Binding binding.xsd" defaultBindingType="type">
	<!-- Generalization-->
	<n:complexTypeBinding name="CodingStatusDefType">
		<java-class name="CodingStatusDefType"/>
		<n:elementBinding name="Generalization">
			<java-class name="GeneralizationCSDT"/>
		</n:elementBinding>
	</n:complexTypeBinding>
	<n:complexTypeBinding name="UnivariateStatisticalMeasureDefType">
		<java-class name="UnivariateStatisticalMeasureDefType"/>
		<n:elementBinding name="Generalization">
			<java-class name="GeneralizationUSMDT"/>
		</n:elementBinding>
	</n:complexTypeBinding>
	<n:complexTypeBinding name="MeasurementUnitDefType">
		<java-class name="MeasurementUnitDefType"/>
		<n:elementBinding name="Generalization">
			<java-class name="GeneralizationMUDT"/>
		</n:elementBinding>
	</n:complexTypeBinding>
	<!-- General-->
	<n:complexTypeBinding name="TerminologySectionType">
		<java-class name="TerminologySectionType">
		</java-class>
		<n:elementBinding name="Modifiers">
			<java-class name="ModifiersTST"/>
			<n:elementBinding name="Frequency">
				<java-class name="FrequencyTST"/>
			</n:elementBinding>
			<n:elementBinding name="General">
				<java-class name="GeneralTST"/>
			</n:elementBinding>
			<n:elementBinding name="Certainty">
				<java-class name="CertaintyTST"/>
			</n:elementBinding>
		</n:elementBinding>
		<n:elementBinding name="StatisticalMeasures">
			<java-class name="StatisticalMeasuresTST"/>
		</n:elementBinding>
	</n:complexTypeBinding>
	<n:complexTypeBinding name="GlossaryEntryRepresentationType">
		<java-class name="GlossaryEntryRepresentationType"/>
		<n:elementBinding name="Modifiers">
			<java-class name="ModifiersTST"/>
			<n:elementBinding name="General">
				<java-class name="GeneralModifiersTST"/>
			</n:elementBinding>
		</n:elementBinding>
	</n:complexTypeBinding>
	<n:complexTypeBinding name="GeneralDeclarationsSectionType">
		<java-class name="GeneralDeclarationsSectionType"/>
		<n:elementBinding name="__LanguageRules">
			<java-class name="underscore__LanguageRules"/>
			<n:elementBinding name="LanguageRule">
				<java-class name="LanguageRule"/>
				<n:elementBinding name="Wording">
					<java-class name="WordingLR"/>
					<n:elementBinding name="Wording">
						<java-class name="WordingWLR"/>
					</n:elementBinding>
				</n:elementBinding>
			</n:elementBinding>
		</n:elementBinding>
	</n:complexTypeBinding>
	<n:complexTypeBinding name="CharacterDefType">
		<java-class name="CharacterDefType"/>
		<n:elementBinding name="Numerical">
			<java-class name="NumericalNCDT"/>
			<n:elementBinding name="StatisticalMeasures">
				<java-class name="StatisticalMeasuresNCDT"/>
			</n:elementBinding>
			<n:elementBinding name="Mappings">
				<java-class name="MappingsNCDT"/>
				<n:elementBinding name="Mapping">
					<java-class name="MappingNCDT"/>
					<n:elementBinding name="From">
						<java-class name="FromNCDT"/>
					</n:elementBinding>
				</n:elementBinding>
			</n:elementBinding>
		</n:elementBinding>
		<n:elementBinding name="Categorical">
			<java-class name="CategoricalCCDT"/>
			<n:elementBinding name="Mappings">
				<java-class name="MappingsCCDT"/>
				<n:elementBinding name="Mapping">
					<java-class name="MappingCCDT"/>
				</n:elementBinding>
			</n:elementBinding>
		</n:elementBinding>
	</n:complexTypeBinding>
	<n:complexTypeBinding name="CharacterStateNLDType">
		<java-class name="CharacterStateNLDType"/>
		<n:elementBinding name="FrequencyRange">
			<java-class name="FrequencyRangeCSNLDT"/>
		</n:elementBinding>
		<n:elementBinding name="FrequencyValue">
			<java-class name="FrequencyValueCSNLDT"/>
		</n:elementBinding>
	</n:complexTypeBinding>
	<n:complexTypeBinding name="CharacterStateDataType">
		<java-class name="CharacterStateDataType"/>
		<n:elementBinding name="FrequencyValue">
			<java-class name="FrequencyValueCSDT"/>
		</n:elementBinding>
	</n:complexTypeBinding>
	<n:complexTypeBinding name="ConceptTreeNodeType">
		<java-class name="ConceptTreeNodeType"/>
		<n:elementBinding name="Nodes">
			<java-class name="NodesCTNT"/>
		</n:elementBinding>
	</n:complexTypeBinding>
	<n:complexTypeBinding name="DesignedKeyNodeType">
		<java-class name="DesignedKeyNodeType"/>
		<n:elementBinding name="Nodes">
			<java-class name="NodesDKNT"/>
		</n:elementBinding>
	</n:complexTypeBinding>
	<n:complexTypeBinding name="ClassHierarchyNodeType">
		<java-class name="ClassHierarchyNodeType"/>
		<n:elementBinding name="Nodes">
			<java-class name="NodesCHNT"/>
		</n:elementBinding>
	</n:complexTypeBinding>
	
	
	<n:complexTypeBinding name="ResourcesSectionType">
		<java-class name="ResourcesSectionType"/>
		<n:elementBinding name="MediaResources">
			<java-class name="MediaResourcesRST"/>
		</n:elementBinding>
	</n:complexTypeBinding>
	<n:complexTypeBinding name="ModifierSetType">
		<java-class name="ModifierSetType"/>
		<n:elementBinding name="Modifiers">
			<java-class name="ModifiersMST"/>
		</n:elementBinding>
	</n:complexTypeBinding>
	
		
</n:binding>
