<TaxonName id="5">
  <!-- we chose FishBase for the example because it is one of the few resources where IDs are published (and Nicolas Bailly has helped a lot with SDD! -->
  <Representation>
    <Label>Cypselurus heterurus (Rafinesque, 1810)</Label>
  </Representation>
  <Links>
    <Link rel="Alternate" uri="urn:lsid:lsid.gbif.net:www.fishbase.org:1029"/>
    <Link rel="Alternate" uri="http://www.fishbase.org/Summary/SpeciesSummary.cfm?ID=1029"/>
  </Links>
  <Rank>sp</Rank>
</TaxonName>
<TaxonName id="6">
  <!-- Note that TaxonNames are not necessarily accepted/valid class names, they may contain synonyms like this:-->
  <Representation>
    <Label>Cheilopogon heterurus</Label>
  </Representation>
  <Links>
    <Link rel="Alternate" uri="http://www.fishbase.org/Nomenclature/SynonymSummary.cfm?ID=118703"/>
  </Links>
  <Rank>sp</Rank>
</TaxonName>
<TaxonName id="7">
  <Representation>
    <Label>Cypselurus naresii (Günther, 1889)</Label>
  </Representation>
  <Links>
    <Link rel="Alternate" uri="http://www.fishbase.org/Summary/SpeciesSummary.cfm?ID=7726"/>
  </Links>
  <Rank>sp</Rank>
</TaxonName>
<TaxonName id="8">
  <!-- This is a genus record. -->
  <Representation>
    <Label>Cypselurus</Label>
  </Representation>
  <Links>
    <Link rel="Alternate" uri="http://www.fishbase.org/Eschmeyer/GeneraSummary.cfm?ID=Cypselurus"/>
  </Links>
  <Rank>gen</Rank>
</TaxonName>
