<Publications>
  <Publication id="111">
    <Representation>
      <Label>Author, X (2000). Short Citation, including journal or publisher.</Label>
    </Representation>
  </Publication>
  <Publication id="112">
    <Representation>
      <Label>Gee, X. &amp; Haa, Y. (2003). How to be happy in five minutes. Instant Gratifications, Palm Beach.</Label>
    </Representation>
    <Links>
      <Link rel="BasedOn" uri="doi:10.1992/32311"/>
      <Link rel="Alternate" uri="http://some.service.net/providing/bibliographic.data"/>
    </Links>
    <Extensions>
        <x:Data xmlns:x="www.x.edu">Applications may store additional data at the resource connectors.</x:Data>
    </Extensions>
  </Publication>
</Publications>