<CodedDescription id="d101">
  <Representation>
    <Label>&lt;i&gt;Viola hederacea&lt;/i&gt; Labill.</Label>
  </Representation>
  <SummaryData>
    <Categorical ref="c1">
      <State ref="s1"/>
    </Categorical>
    <Quantitative ref="c2">
      <Measure type="Min" value="2.3"/>
      <Measure type="Mean" value="5.1"/>
      <Measure type="Max" value="7.9"/>
      <Measure type="SD" value="1.3"/>
      <Measure type="N" value="20"/>
      <MeasurementUnitPrefix>milli</MeasurementUnitPrefix>
    </Quantitative>
  </SummaryData>
</CodedDescription>