<CharacterTree id="ct1">
  <Representation>
    <Label>(Lucid default character list)</Label>
  </Representation>
  <Nodes>
    <Node id="cn1">
      <!-- no Parent element = parent is root of tree! -->
      <DescriptiveConcept ref="dc1"/>
    </Node>
    <Node id="cn2">
      <Parent ref="cn1"/>
    </Node>
    <Node id="cn3">
      <Parent ref="cn1"/>
      <DescriptiveConcept ref="dc3"/>
    </Node>
    <Char ref="c1">
      <Parent ref="cn2"/>
    </Char>
    <Char ref="c2">
      <Parent ref="cn2"/>
    </Char>
  </Nodes>
</CharacterTree>
