<TaxonNames>
  <TaxonName id="1">
    <Representation>
      <Label xml:lang="la">Viola hederacea Labill.</Label>
    </Representation>
  </TaxonName>
  <TaxonName id="2">
    <Representation>
      <Label xml:lang="en">Mechanitis polymnia</Label>
    </Representation>
  </TaxonName>
  <TaxonName id="3">
    <Representation>
      <Label xml:lang="en-us">Mechanitis lysimnia</Label>
    </Representation>
  </TaxonName>
  <TaxonName id="4">
    <Representation>
      <Label xml:lang="en-us">Mechanitis oto</Label>
    </Representation>
  </TaxonName>
</TaxonNames>
