<CodedDescription id="101">
  <Representation>
    <Label xml:lang="en">&lt;i&gt;Viola hederacea&lt;/i&gt; Labill. as revised by R. Morris April 8, 2006</Label>
  </Representation>
  <Scope>
    <TaxonName ref="1"/>
  </Scope>
  <SummaryData>
    <Categorical ref="1">
      <State ref="1"/>
    </Categorical>
    <Quantitative ref="2">
      <Measure type="Min" value="2.3"/>
      <Measure type="Mean" value="5.1"/>
      <Measure type="Max" value="7.9"/>
      <Measure type="SD" value="1.3"/>
      <Measure type="N" value="20"/>
      <MeasurementUnitPrefix>milli</MeasurementUnitPrefix>
    </Quantitative>
  </SummaryData>
</CodedDescription>
