<?xml version="1.0" encoding="UTF-8"?>
<Datasets xmlns="http://www.tdwg.org/2004/SDD_091" xmlns:xsi="http://www.w3.org/2001/XMLSchema-instance" xsi:schemaLocation="http://www.tdwg.org/2004/SDD_091 SDD.xsd">
  <!-- This is an example for a minimal SDD file, representing a single description with a single character 
Intended for version="SDD 0.91.0xx" (currently beta 15).   -->
  <!-- change SDD.xsd to http://160.45.63.11/Projects/TDWG-SDD/Schema/091/SDD.xsd -->
  <Dataset>
    <Derivation datetime="2004-05-03T10:00:00">
      <Transformations>
        <OnPublicObjects>
          <Action kindofchange="None"/>
        </OnPublicObjects>
        <WithinPublicObjects>
          <Action kindofchange="None"/>
        </WithinPublicObjects>
      </Transformations>
      <Generator name="n/a, handcrafted instance document" version="1"/>
    </Derivation>
    <ProjectMetadata>
      <Description>
        <Representation language="en">
          <Title>The Genus Viola</Title>
        </Representation>
      </Description>
      <RevisionData>
        <Authors>
          <Agent ref="1"/>
        </Authors>
        <LastRevisionDate>2004-05-03T00:00:00</LastRevisionDate>
      </RevisionData>
      <IPRStatements>
        <Representation language="en">
          <Copyright>
            <ShortText>(c) 2003 Centre for Occasional Botany</ShortText>
          </Copyright>
        </Representation>
      </IPRStatements>
    </ProjectMetadata>
    <GeneralDeclarations>
      <Audiences>
        <Audience audiencekey="en">
          <Label>
            <Text>English</Text>
            <Description>English vocabulary (undefined expertise level of audience)</Description>
          </Label>
          <Specification>
            <Language>en</Language>
            <ExpertiseLevel>0</ExpertiseLevel>
          </Specification>
        </Audience>
      </Audiences>
    </GeneralDeclarations>
    <Entities>
      <ClassNames>
        <ClassName key="1">
          <Label>
            <Representation language="en">
              <Text>Viola hederacea Labill.</Text>
            </Representation>
          </Label>
        </ClassName>
      </ClassNames>
    </Entities>
    <Resources>
      <Agents>
        <Agent key="1">
          <Label>
            <Representation language="en">
              <Text>Kevin Thiele</Text>
            </Representation>
          </Label>
        </Agent>
      </Agents>
    </Resources>
    <DescriptiveData>
      <ConfigurationData>
        <PresentationDefaults>
          <Audience audience="en"/>
        </PresentationDefaults>
      </ConfigurationData>
      <Terminology>
        <Characters>
          <Character key="1">
            <Label>
              <Representation audience="en">
                <Text>Leaf complexity</Text>
              </Representation>
            </Label>
            <Categorical>
              <States>
                <StateDefinition key="1">
                  <Label>
                    <Representation audience="en">
                      <Text>Simple</Text>
                    </Representation>
                  </Label>
                </StateDefinition>
                <StateDefinition key="2">
                  <Label>
                    <Representation audience="en">
                      <Text>Compound</Text>
                    </Representation>
                  </Label>
                </StateDefinition>
              </States>
            </Categorical>
            <Assumptions>
              <MeasurementScale>nominal</MeasurementScale>
            </Assumptions>
          </Character>
        </Characters>
      </Terminology>
      <CodedDescriptions>
        <CodedDescription key="101">
          <Header>
            <ClassName ref="1"/>
          </Header>
          <CharacterData>
            <Character ref="1">
              <State ref="1"/>
            </Character>
          </CharacterData>
        </CodedDescription>
      </CodedDescriptions>
    </DescriptiveData>
  </Dataset>
</Datasets>
