<?xml version="1.0" encoding="UTF-8"?>
<DataSets xmlns="http://www.tdwg.org/2004/SDD_091" xmlns:xsi="http://www.w3.org/2001/XMLSchema-instance" xsi:schemaLocation="http://www.tdwg.org/2004/SDD_091 SDD.xsd">
  <!-- This is an example for a minimal SDD file, representing a single description with a single character 
Intended for version="SDD 0.91.0xx" (currently beta 11).   -->
  <!-- change SDD.xsd to http://160.45.63.11/Projects/TDWG-SDD/Schema/091/SDD.xsd -->
  <DataSet>
    <TransformationHistory>
      <Transformation datetime="2004-05-03T10:00:00">
        <Actions>
          <OnPublicObjects>
            <Action kindofchange="None"/>
          </OnPublicObjects>
          <WithinPublicObjects>
            <Action kindofchange="None"/>
          </WithinPublicObjects>
        </Actions>
        <Generator>
          <Name>n/a, handcrafted instance document</Name>
          <Version>1</Version>
        </Generator>
      </Transformation>
    </TransformationHistory>
    <ProjectDefinition>
      <Description>
        <Representation audience="en">
          <Title>The Genus Viola</Title>
        </Representation>
      </Description>
      <Version>
        <Major>1</Major>
      </Version>
      <RevisionData>
        <Authors>
          <Agent ref="1"/>
        </Authors>
        <InitiationDate>1999-08-13T00:00:00</InitiationDate>
        <LastRevisionDate>2004-05-03T00:00:00</LastRevisionDate>
      </RevisionData>
      <IPRStatements>
        <Representation audience="en">
          <Copyright>
            <ShortText>(c) 2003 Centre for Occasional Botany</ShortText>
          </Copyright>
        </Representation>
      </IPRStatements>
      <Defaults>
        <Audience audience="en"/>
      </Defaults>
    </ProjectDefinition>
    <GeneralDeclarations>
      <Audiences>
        <Audience audiencekey="en">
          <Label>
            <Text>English</Text>
            <Description>English vocabulary (undefined expertise level of audience)</Description>
          </Label>
          <Specialization>
            <Language>en</Language>
            <ExpertiseLevel>0</ExpertiseLevel>
          </Specialization>
        </Audience>
      </Audiences>
    </GeneralDeclarations>
    <Terminology>
      <Characters>
        <Character key="1">
          <Label>
            <Representation audience="en">
              <Text>Leaf complexity</Text>
            </Representation>
          </Label>
          <MeasurementScale>nominal</MeasurementScale>
          <Categorical>
            <States>
              <StateDefinition key="1">
                <Label>
                  <Representation audience="en">
                    <Text>Simple</Text>
                  </Representation>
                </Label>
              </StateDefinition>
              <StateDefinition key="2">
                <Label>
                  <Representation audience="en">
                    <Text>Compound</Text>
                  </Representation>
                </Label>
              </StateDefinition>
            </States>
          </Categorical>
        </Character>
      </Characters>
    </Terminology>
    <Entities>
      <Classes>
        <Class key="1">
          <Label>Viola hederacea Labill.</Label>
        </Class>
      </Classes>
    </Entities>
    <Resources>
      <Agents>
        <Agent key="1">
          <Label>Kevin Thiele</Label>
        </Agent>
      </Agents>
    </Resources>
    <Descriptions>
      <CodedDescriptions>
        <CodedDescription key="101">
          <Header>
            <Class ref="1"/>
          </Header>
          <CharacterData>
            <Character ref="1">
              <State ref="1"/>
            </Character>
          </CharacterData>
        </CodedDescription>
      </CodedDescriptions>
    </Descriptions>
  </DataSet>
</DataSets>
