<?xml version="1.0" encoding="UTF-8"?>
<Datasets xmlns:xsi="http://www.w3.org/2001/XMLSchema-instance" xmlns="http://www.tdwg.org/2004/UBIF" xsi:schemaLocation="http://www.tdwg.org/2004/UBIF SDD.xsd">
  <!-- This is an example for a minimal SDD file, representing a single description with a single character.
Intended for version="SDD 1.0" (currently beta 1).   -->
  <Dataset>
    <Derivation datetime="2004-05-03T10:00:00">
      <Generator name="n/a, handcrafted instance document" version="1"/>
    </Derivation>
    <Metadata>
      <Description>
        <Representation language="en">
          <Title>The Genus Viola</Title>
        </Representation>
      </Description>
      <RevisionData>
        <Creators>
          <AgentRole role="aut">
            <Agent ref="1"/>
          </AgentRole>
        </Creators>
        <LastRevisionDate>2004-05-03T00:00:00</LastRevisionDate>
      </RevisionData>
      <IPRStatements>
        <Representation language="en">
          <Copyright>
            <Text>(c) 2003 Centre for Occasional Botany</Text>
          </Copyright>
        </Representation>
      </IPRStatements>
    </Metadata>
    <ExternalDataInterface>
      <ClassNames>
        <ClassName key="1">
          <Label>
            <Representation language="en">
              <Text>Viola hederacea Labill.</Text>
            </Representation>
          </Label>
        </ClassName>
      </ClassNames>
      <Agents>
        <Agent key="1">
          <Label>
            <Representation language="en">
              <Text>Kevin Thiele</Text>
            </Representation>
          </Label>
        </Agent>
      </Agents>
    </ExternalDataInterface>
    <DescriptiveData>
      <ConfigurationData>
        <PresentationDefaults>
          <Audience language="en"/>
        </PresentationDefaults>
      </ConfigurationData>
      <Terminology>
        <Characters>
          <CategoricalCharacter key="1">
            <Label>
              <Representation language="en">
                <Text>Leaf complexity</Text>
              </Representation>
            </Label>
            <Assumptions>
              <MeasurementScale>nominal</MeasurementScale>
            </Assumptions>
            <States>
              <StateDefinition key="1">
                <Label>
                  <Representation language="en">
                    <Text>Simple</Text>
                  </Representation>
                </Label>
              </StateDefinition>
              <StateDefinition key="2">
                <Label>
                  <Representation language="en">
                    <Text>Compound</Text>
                  </Representation>
                </Label>
              </StateDefinition>
            </States>
          </CategoricalCharacter>
          <QuantitativeCharacter key="2">
            <Label>
              <Representation language="en">
                <Text>Leaf length</Text>
              </Representation>
            </Label>
            <Assumptions>
              <MeasurementScale>ratio</MeasurementScale>
            </Assumptions>
          </QuantitativeCharacter>
        </Characters>
      </Terminology>
      <CodedDescriptions>
        <CodedDescription key="101">
          <Header>
            <ClassName ref="1"/>
          </Header>
          <SummaryData>
            <Categorical ref="1">
              <State ref="1"/>
            </Categorical>
            <Quantitative ref="2">
              <Measure ref="Min" value="2.3"/>
              <Measure ref="Mean" value="5.1"/>
              <Measure ref="Max" value="7.9"/>
              <Measure ref="SD" value="1.3"/>
              <Measure ref="N" value="20"/>
              <MeasurementUnit>
                <InternationalAbbreviation>cm</InternationalAbbreviation>
              </MeasurementUnit>
            </Quantitative>
          </SummaryData>
        </CodedDescription>
      </CodedDescriptions>
    </DescriptiveData>
  </Dataset>
</Datasets>
