<?xml version="1.0" encoding="UTF-8"?>
<Datasets xmlns:xsi="http://www.w3.org/2001/XMLSchema-instance" xmlns="http://www.tdwg.org/2004/UBIF" xsi:schemaLocation="http://www.tdwg.org/2004/UBIF SDD.xsd">
  <!-- Intended for version="SDD 0.91" (currently beta 25).<br/>
This sample instance document is primarily intended for technical testing. It is syntactically correct, but provides a mixture of meaningful and nonsensical dummy content. The meaningful parts provide examples how to use the schema, the other have simply been created to test sequence and optionality of data elements. This document is based on the instance document published after SDD Brazil (2002) and has been extended and updated to incorporate all changes to the schema that were introduced during the Paris and Lisbon 2003, and Berlin 2004 meetings. -->
  <Dataset>
    <Derivation datetime="2004-05-03T10:00:00">
      <Generator name="n/a, handcrafted instance document" version="39.6" notes="(c) G. Hagedorn, 2004"/>
    </Derivation>
    <Metadata>
      <Description>
        <Representation language="en">
          <Title>Flying Fishes of the world</Title>
          <Details>A digital field guide</Details>
          <Coverage>Flying Fishes (Exocoetidae)</Coverage>
          <Icon ref="123"/>
          <WebAddress>http://www.DiversityCampus.net/Projects/TDWG-SDD</WebAddress>
        </Representation>
        <Representation language="de">
          <Title>Fliegende Fische der Welt</Title>
          <Coverage>Fliegende Fische (Exocoetidae)</Coverage>
        </Representation>
      </Description>
      <Scope>
        <GeographicalScope>
          <Locality ref="1"/>
          <Locality ref="2"/>
        </GeographicalScope>
        <SourcePublications>
          <Publication ref="111"/>
          <!-- (= optional reference if information in project came entirely from 1-few publications)       -->
        </SourcePublications>
      </Scope>
      <Version>
        <Major>0</Major>
        <Minor>9</Minor>
        <Modifier>beta</Modifier>
        <VersionReleaseDate>2003-11-28</VersionReleaseDate>
      </Version>
      <RevisionData>
        <Creators>
          <AgentRole role="aut">
            <Agent ref="1" firstcontribution="2001-01-01T00:00:00Z" lastcontribution="2003-12-01T15:35:00Z"/>
          </AgentRole>
          <AgentRole role="edt">
            <Agent ref="1"/>
            <Agent ref="2"/>
          </AgentRole>
        </Creators>
        <Contributors>
          <AgentRole role="ctb">
            <Agent ref="3"/>
          </AgentRole>
          <AgentRole role="trl">
            <Agent ref="2"/>
            <Agent ref="4"/>
          </AgentRole>
        </Contributors>
        <InitiationDate>1999-08-13T00:00:00</InitiationDate>
        <LastRevisionDate>2004-05-03T00:00:00</LastRevisionDate>
        <RevisionStatus>Unrevised</RevisionStatus>
      </RevisionData>
      <IPRStatements>
        <Representation language="en">
          <Copyright>
            <Text>(c) 2002 Allmende Biological Research Station</Text>
            <Details>(c) 2002 Allmende Biological Research Station. All rights reserved. No part of this data may be....</Details>
          </Copyright>
          <TermsOfUse>
            <Text>Can be freely used as long as ...</Text>
          </TermsOfUse>
          <Disclaimer>
            <Text>Text</Text>
            <URI>www.xyz.org/disclaimer.html</URI>
          </Disclaimer>
          <Acknowledgement>
            <Text>The work was made possible by a grant from ...</Text>
          </Acknowledgement>
        </Representation>
        <Representation language="de">
          <Copyright>
            <Text>(c) 2002 Allmende Biologische Forschungsstation</Text>
          </Copyright>
          <TermsOfUse>
            <Text>Die Daten dürfen frei verwendet werden, solange ...</Text>
          </TermsOfUse>
        </Representation>
      </IPRStatements>
      <GloballyUniqueName>http://www.DiversityCampus.net/NS/Exocoetidae</GloballyUniqueName>
      <CustomExtensions>
        <!-- Application-specific information is placed in this collection of CustomExtension elements. Recommendation: Each application may read out its own information. Any other target information present should be preserved and output when a new document is generated. This is designed to support itempotent round tripping data between two applications. This implies that no dependency between, settings, descriptions, and the terminology setting should be relied upon. -->
        <CustomExtension name="LucID" version="2.1">
          <lucid:SomeElement>only for LucID</lucid:SomeElement>
          <lucid:x2>123</lucid:x2>
        </CustomExtension>
        <CustomExtension name="http://www.DiversityCampus.net/DiversityDescriptions">
          <DW.DD:ReportDefinitions>
            <ToHTML name="default">sdij324,234,,4565,,4,6456,,567,,567</ToHTML>
          </DW.DD:ReportDefinitions>
        </CustomExtension>
        <CustomExtension name="www.efgblade.cs.umb.edu">
          <efg:Text>Text</efg:Text>
        </CustomExtension>
      </CustomExtensions>
    </Metadata>
    <!--Objects in ExternalDataInterface are ideally excerpts from other sources. They only define linking information required by terminology or descriptions! -->
    <ExternalDataInterface>
      <ClassNames>
        <ClassName key="1">
          <!-- we chose FishBase for the example because it is one of the few resources where IDs are published (and Nicolas Bailly has helped a lot with SDD! -->
          <Label>
            <Representation language="en">
              <Text>Cypselurus heterurus (Rafinesque, 1810)</Text>
            </Representation>
          </Label>
          <Link>
            <LSID>lsid.gbif.net:www.fishbase.org:1029</LSID>
            <URL>http://www.fishbase.org/Summary/SpeciesSummary.cfm?ID=1029</URL>
          </Link>
          <RankLevel>species</RankLevel>
        </ClassName>
        <ClassName key="2">
          <!-- Note that ClassNames are not necessarily accepted/valid class names, they may contain synonyms like this:-->
          <Label>
            <Representation language="en">
              <Text>Cheilopogon heterurus</Text>
            </Representation>
          </Label>
          <Link>
            <LSID>lsid.gbif.org:www.fishbase.org:1029</LSID>
            <URL>http://www.fishbase.org/Nomenclature/SynonymSummary.cfm?ID=118703</URL>
          </Link>
          <RankLevel>species</RankLevel>
        </ClassName>
        <ClassName key="3">
          <Label>
            <Representation language="en">
              <Text>Cypselurus naresii (Günther, 1889)</Text>
            </Representation>
          </Label>
          <Link>
            <LSID>lsid.gbif.org:www.fishbase.org:7726</LSID>
            <URL>http://www.fishbase.org/Summary/SpeciesSummary.cfm?ID=7726</URL>
          </Link>
          <RankLevel>species</RankLevel>
        </ClassName>
        <ClassName key="4">
          <!-- This is a genus record. Note that the ID here is string, not number! -->
          <Label>
            <Representation language="en">
              <Text>Cypselurus</Text>
            </Representation>
          </Label>
          <Link>
            <URL>http://www.fishbase.org/Eschmeyer/GeneraSummary.cfm?ID=Cypselurus</URL>
          </Link>
          <RankLevel>genus</RankLevel>
        </ClassName>
      </ClassNames>
      <ClassHierarchies>
        <ClassHierarchy key="1">
          <!-- one of potentially several alternative hierarchies supported. -->
          <Label>
            <Representation language="en">
              <Text>(default taxon hierarchy)</Text>
            </Representation>
          </Label>
          <CustomExtensions>
            <CustomExtension name="x"/>
          </CustomExtensions>
          <IsPhylogenetic>true</IsPhylogenetic>
          <Node>
            <ClassName ref="4"/>
            <Nodes>
              <Node>
                <ClassName ref="1"/>
                <Synonyms>
                  <ClassName ref="2"/>
                </Synonyms>
              </Node>
              <Node>
                <ClassName ref="3"/>
              </Node>
            </Nodes>
          </Node>
        </ClassHierarchy>
      </ClassHierarchies>
      <Units>
        <Unit key="1">
          <Label>
            <Representation language="en">
              <Text>
                <i>Cypselurus naresii</i> collected by Günther in 5.1889, London, NHM</Text>
            </Representation>
          </Label>
          <Link>
            <WebService>
              <RegistryURI>uddi.gbif.net</RegistryURI>
              <BindingKey>Fishbase-DiGIR-Interface</BindingKey>
              <MethodName>DiGIR-Request</MethodName>
              <Parameters>
                <Parameter>
                  <Name>ID</Name>
                  <Value>99999</Value>
                </Parameter>
                <!-- Note: in ABCD no single object ID is planned for, instead mutliple parameters have to be passed to a webservice-->
              </Parameters>
            </WebService>
          </Link>
          <ClassName ref="3"/>
          <IdentificationIsCertain>true</IdentificationIsCertain>
        </Unit>
      </Units>
      <Agents>
        <Agent key="1">
          <Label>
            <Representation language="en">
              <Text>Gregor Hagedorn</Text>
            </Representation>
          </Label>
          <Link>
            <URL>http://www.bba.de/PS/Gregor.Hagedorn</URL>
          </Link>
          <Organisation>
            <Name>
              <Representation language="de">
                <Text>Biologische Bundesanstalt für Land- und Forstwirtschaft</Text>
                <Abbreviation>BBA</Abbreviation>
              </Representation>
              <Representation language="en">
                <Text>Federal Biological Research Center for Agriculture and Forestry</Text>
                <Abbreviation>BBA</Abbreviation>
              </Representation>
            </Name>
            <Units>
              <Unit language="de">Institut für Pflanzenvirologie, Mikrobiologie und biologische Sicherheit</Unit>
            </Units>
          </Organisation>
          <Person>
            <InheritedName>Hagedorn</InheritedName>
            <GivenNames>Gregor Maria</GivenNames>
          </Person>
          <Contact>
            <URIs>
              <URI>http://www.diversitycampus.net/people/hagedorn</URI>
            </URIs>
          </Contact>
        </Agent>
        <Agent key="2">
          <Label>
            <Representation language="en">
              <Text>Bob Morris</Text>
            </Representation>
          </Label>
          <Organisation>
            <Name>
              <Representation language="en">
                <Text>University of Massachusetts Boston</Text>
                <Abbreviation>UMass Boston</Abbreviation>
              </Representation>
            </Name>
            <Units>
              <Unit language="en">Computer Science Department</Unit>
            </Units>
          </Organisation>
          <Person>
            <InheritedName>Morris</InheritedName>
            <GivenNames>Robert</GivenNames>
          </Person>
          <Contact>
            <URIs>
              <URI>http://www.cs.umb.edu/efg</URI>
            </URIs>
          </Contact>
        </Agent>
        <Agent key="3">
          <Label>
            <Representation language="en">
              <Text>Kevin Thiele</Text>
            </Representation>
          </Label>
          <Person>
            <InheritedName>Thiele</InheritedName>
            <GivenNames>Kevin</GivenNames>
          </Person>
        </Agent>
        <Agent key="4">
          <Label>
            <Representation language="en">
              <Text>Bryan Heidorn</Text>
            </Representation>
          </Label>
          <Person>
            <InheritedName>Heidorn</InheritedName>
            <GivenNames>Bryan</GivenNames>
          </Person>
        </Agent>
      </Agents>
      <Publications>
        <Publication key="111">
          <Label>
            <Representation language="en">
              <Text>Author, X (2000). Short Citation, including journal or publisher.</Text>
            </Representation>
          </Label>
        </Publication>
        <Publication key="112">
          <Label>
            <Representation language="en">
              <Text>Gee, X. &amp; Haa, Y. (2003). How to be happy in five minutes. Instant Gratifications, Palm Beach.</Text>
            </Representation>
          </Label>
          <Link>
            <URL>http://some.service.net/providing/bibliographic.data</URL>
          </Link>
          <CustomExtensions>
            <CustomExtension name="x">
              <x:Data>Applications may store additional data at the resource connectors.</x:Data>
            </CustomExtension>
          </CustomExtensions>
        </Publication>
      </Publications>
      <Geography>
        <Locality key="1">
          <Label>
            <Representation language="en">
              <Text>Worldwide</Text>
            </Representation>
          </Label>
        </Locality>
        <Locality key="2">
          <Label>
            <Representation language="en">
              <Text>Europe</Text>
            </Representation>
          </Label>
        </Locality>
      </Geography>
      <MediaResources>
        <MediaResource key="123">
          <Label>
            <Representation language="en">
              <Text>xxx</Text>
            </Representation>
          </Label>
          <Link>
            <LSID>local:local:129739128</LSID>
            <URL>http://images.sdf.edu/x.gif</URL>
          </Link>
          <Type>Image</Type>
        </MediaResource>
        <MediaResource key="124">
          <Label>
            <Representation language="en">
              <Text>yyy</Text>
            </Representation>
          </Label>
          <Link>
            <URL>http://xxx.edu/birdsong.mp3</URL>
          </Link>
          <CustomExtensions>
            <CustomExtension name="x">
              <x:SomeElement/>
            </CustomExtension>
          </CustomExtensions>
          <Type>Sound</Type>
        </MediaResource>
        <MediaResource key="125">
          <Label>
            <Representation language="en">
              <Text>Melampsora evonymi-caprearum</Text>
            </Representation>
          </Label>
          <!-- Label is required, but if the source provides no separate title or description of a resource, the url may be used here as well -->
          <Link>
            <URL>www.xxx.org/img/Melampsora_evonymi-caprearum.png</URL>
          </Link>
          <CustomExtensions>
            <CustomExtension name="x"/>
          </CustomExtensions>
          <Type>Image</Type>
          <!-- Caption is optional, missing from the earlier examples! -->
          <Caption>
            <Representation language="fr">
              <Text>
                <i>Melampsora evonymi-caprearum</i> Kleb., stade II sur <i>Salix caprea</i>L.
    </Text>
              <!-- old idea was to allow additional taxon/taxonauthor markup in formatted text, like
      <taxon>Melampsora evonymi-caprearum</taxon><taxonauthor>Kleb.</taxonauthor>, stade II sur <taxon>Salix caprea</taxon><taxonauthor>L.</taxonauthor> 
-->
            </Representation>
            <Representation language="de">
              <Text>
                <i>Melampsora evonymi-caprearum</i> Kleb., Sporenstadium II auf <i>Salix caprea</i> L.</Text>
            </Representation>
            <Representation language="en">
              <Text>
                <i>Melampsora evonymi-caprearum</i> Kleb., spore stage II on <i>Salix caprea</i> L.</Text>
            </Representation>
          </Caption>
          <!-- Optionally Resources may be included rather than referencens through URIs. -->
          <EncodedData>R0lGODlhcgGSALMAAAQCAEMmCZtuMFQxDS8b</EncodedData>
        </MediaResource>
      </MediaResources>
      <MeasurementUnits>
        <MeasurementUnit key="1">
          <Label>
            <Representation language="en">
              <Text>cubic millimeter</Text>
            </Representation>
          </Label>
          <InternationalAbbreviation>mm<sup>3</sup>
          </InternationalAbbreviation>
          <Specification>
            <IsScientificUnit>true</IsScientificUnit>
            <IsPrefixUnit>false</IsPrefixUnit>
          </Specification>
        </MeasurementUnit>
      </MeasurementUnits>
    </ExternalDataInterface>
    <DescriptiveData>
      <ConfigurationData>
        <PresentationDefaults>
          <!-- The default audience is used whenever the setup of the application has no other preference specified. The user interface of the application may then allow to choose a different audience/language available. -->
          <Audience language="en" audience="0"/>
        </PresentationDefaults>
        <DataInheritance>
          <ClassHierarchy ref="1"/>
          <!-- a reference to a class hierarchy to define which hierarchy is to be used for data inheritance. -->
        </DataInheritance>
      </ConfigurationData>
      <Terminology>
        <General>
          <Audiences>
            <Audience audiencekey="0">
              <Label>
                <Representation language="en">
                  <Text>General vocabulary</Text>
                  <Details>(undefined expertise level of audience)</Details>
                </Representation>
                <Representation language="de">
                  <Text>Allgemeinheit</Text>
                  <Details>(</Details>
                </Representation>
              </Label>
              <Specification>
                <ExpertiseLevel>0</ExpertiseLevel>
              </Specification>
            </Audience>
            <Audience audiencekey="1">
              <Label>
                <Representation language="en">
                  <Text>Schoolchildren (ca. grade 1 to 6)</Text>
                  <Details>Vocabulary simplified as much as possible for schoolchildren (elementary school or ca. below 7th grade)</Details>
                </Representation>
                <Representation language="de">
                  <Text>Schulkinder (ca. 1. bis 6. Schuljahr)</Text>
                  <Details>Die verwendeten Ausdrücke wurden so einfach wie möglich gehalten um Schulkindern bis ca. einschließlich der sechster Klasse den Zugang zu erleichtern.</Details>
                </Representation>
              </Label>
              <Specification>
                <ExpertiseLevel>1</ExpertiseLevel>
              </Specification>
            </Audience>
            <Audience audiencekey="2">
              <Label>
                <Representation language="en">
                  <Text>Schoolchildren (ca. grade 7 to 10)</Text>
                  <Details>Where possible, the vocabulary is simplified for schoolchildren (7th to 10th grade).</Details>
                </Representation>
                <Representation language="de">
                  <Text>Schulkinder (ca. 7. bis 10. Schuljahr)</Text>
                  <Details>Die verwendeten Ausdrücke werden so einfach wie möglich gehalten um Schulkindern ca. zwischen der siebten und zehnten Klasse den Zugang zu erleichtern.</Details>
                </Representation>
              </Label>
              <Specification>
                <ExpertiseLevel>2</ExpertiseLevel>
              </Specification>
            </Audience>
            <Audience audiencekey="3">
              <Label>
                <Representation language="en">
                  <Text>General public</Text>
                  <Details>General public and high school (year 11 above). This setting tries to avoid specialized terminology or jargon.</Details>
                </Representation>
                <Representation language="de">
                  <Text>Allgemeines Publikum</Text>
                  <Details>Diese Einstellung wendet sich an interessierte Amateure und Schülerinnen und Schüler ab der 11. Klasse. Auf spezialisierte Fachausdrücke wird nach Möglichkeit verzichtet.</Details>
                </Representation>
              </Label>
              <Specification>
                <ExpertiseLevel>3</ExpertiseLevel>
              </Specification>
            </Audience>
            <Audience audiencekey="4">
              <Label>
                <Representation language="en">
                  <Text>University students</Text>
                  <Details>This setting is intended for college or university students or (partly) trained personnel. It uses advanced terminology, but attempts to avoid or explain problematic terminology.</Details>
                </Representation>
                <Representation language="de">
                  <Text>Studenten (Hochschule)</Text>
                  <Details>Terminologie für Studenten der ersten Semester oder trainiertes Personal. Fortgeschrittene Terminologie wird verwendet, aber problematische Fachausdrücke werden vermieden oder erläutert.</Details>
                </Representation>
              </Label>
              <Specification>
                <ExpertiseLevel>4</ExpertiseLevel>
              </Specification>
            </Audience>
            <Audience audiencekey="4.1">
              <Label>
                <Representation language="en">
                  <Text>Custom officers</Text>
                  <Details>Custom officers trained in the recognition of material from protected species.</Details>
                </Representation>
                <Representation language="de">
                  <Text>Zollpersonal</Text>
                  <Details>In der Erkennung geschützer Tier- und Pflanzenarten geschultes Personal.</Details>
                </Representation>
              </Label>
              <Specification>
                <ExpertiseLevel>4</ExpertiseLevel>
              </Specification>
            </Audience>
            <Audience audiencekey="5">
              <Label>
                <Representation language="en">
                  <Text>Experts</Text>
                  <Details>This setting uses the full scope of expert terminology.</Details>
                </Representation>
                <Representation language="de">
                  <Text>Experten</Text>
                  <Details>Beschreibungen unter Verwendung des vollständigen Fachvokabulars.</Details>
                </Representation>
              </Label>
              <Specification>
                <ExpertiseLevel>5</ExpertiseLevel>
              </Specification>
            </Audience>
          </Audiences>
          <CodingStatusValues>
            <!-- Coding Status Values all identify a reason why data are not known. In a single object they may only occur once per character (which is NOT enforced by the schema!). However in a class (e. g. a genus) it is up to the collation process whether to provide multiple special states or not. An information like "unknown or not applicable" may be of interest for analytical purposes. The labels and abbreviations given here are recommendations but can be freely changed as long as the semantics are preserved! -->
            <Status key="1" debugkey="empty">
              <Label>
                <Representation language="en">
                  <Text>not yet scored</Text>
                </Representation>
                <Representation language="de">
                  <Text>Noch nicht eingetragen</Text>
                </Representation>
              </Label>
              <Annotation>Abbreviation is empty string or blank: " ".
Proposed GlossaryEntry: No attempt to score this character has yet been made so it may or may not be possible to score this character. The abbreviated display is a blank space. (Note: the DELTA equivalent is the situation where a character is not listed in a item at all.)</Annotation>
              <Specification>
                <BasicCodingStatus>ToBeCoded</BasicCodingStatus>
                <PresenceOfInformation>NotEvaluated</PresenceOfInformation>
              </Specification>
            </Status>
            <Status key="2" debugkey="Unknown">
              <Label>
                <Representation language="en">
                  <Text>Unknown</Text>
                  <Abbreviation>?</Abbreviation>
                </Representation>
              </Label>
              <Annotation>Proposed GlossaryEntry: The character has been studied in the item, but it is impossible to score it either from the specimen or from the literature. The abbreviated display for this situation is a question mark. Compare also the special state "not interpretable" if information in the literature exists, but this information is not interpretable in terms of the current terminology. (Note: the DELTA equivalent is the 'U'-state.)</Annotation>
              <Specification>
                <BasicCodingStatus>ToBeCoded</BasicCodingStatus>
                <PresenceOfInformation>DoesNotExist</PresenceOfInformation>
              </Specification>
            </Status>
            <Status key="3" debugkey="NotApplicable">
              <Label>
                <Representation language="en">
                  <Text>NotApplicable</Text>
                  <Abbreviation>n/a</Abbreviation>
                </Representation>
              </Label>
              <Annotation>Proposed GlossaryEntry: The character has studied been in the item, but the available states are not applicable. Example are situations where the character cannot possibly exists (e.g. leaf-tip in a leaf-less plant) or where the method is unable to measure the current situation (e.g. if the growth rate is so fast that all available space is already used before the time defined in the method). In the first situation it is usually desirable to create a global character dependency definition, in which case it is no longer necessary to score individual states as non applicable. The abbreviated display for this situation is  "n/a". (Note: the DELTA equivalent is the '-'-state.)</Annotation>
              <Specification>
                <BasicCodingStatus>CannotBeCoded</BasicCodingStatus>
                <PresenceOfInformation>CannotExist</PresenceOfInformation>
              </Specification>
            </Status>
            <Status key="4" debugkey="NotInterpretable">
              <Label>
                <Representation language="en">
                  <Text>Not interpretable</Text>
                  <Abbreviation>n/i</Abbreviation>
                </Representation>
              </Label>
              <Annotation>Proposed GlossaryEntry: The character has been studied in the item, but it is impossible to score it because the this information is not interpretable in terms of the current terminology. (Note: no DELTA equivalent exists.)</Annotation>
              <Specification>
                <BasicCodingStatus>CannotBeCoded</BasicCodingStatus>
                <PresenceOfInformation>Exists</PresenceOfInformation>
              </Specification>
            </Status>
            <Status key="5" debugkey="OutOfScope">
              <Label>
                <Representation language="en">
                  <Text>Not to be scored (scoped out)</Text>
                  <Abbreviation>~</Abbreviation>
                </Representation>
              </Label>
              <Annotation>No DELTA equivalent exists!</Annotation>
              <Specification>
                <BasicCodingStatus>NotToBeCoded</BasicCodingStatus>
                <PresenceOfInformation>NotEvaluated</PresenceOfInformation>
              </Specification>
            </Status>
          </CodingStatusValues>
        </General>
        <Glossary>
          <GlossaryEntry key="999">
            <Label>
              <Representation language="en">
                <Term>semaphore</Term>
                <Definition>This text tries to define the concept of the term in <em>natural language</em>...</Definition>
                <MediaResources>
                  <MediaResource ref="123"/>
                  <MediaResource ref="124"/>
                  <MediaResource ref="125"/>
                </MediaResources>
              </Representation>
            </Label>
            <Citations>
              <Citation>
                <Publication ref="111"/>
                <Location>333</Location>
              </Citation>
            </Citations>
            <RevisionData>
              <Creators>
                <AgentRole role="aut">
                  <Agent ref="1"/>
                </AgentRole>
              </Creators>
              <InitiationDate>2001-01-01T00:00:00</InitiationDate>
              <LastRevisionDate>2003-01-01T00:00:00</LastRevisionDate>
              <RevisionStatus>Unrevised</RevisionStatus>
            </RevisionData>
            <__Ontology>
              <General>
                <KindOf>
                  <Term ref="990" debugref="information"/>
                  <Term ref="991" debugref="semantic unit"/>
                </KindOf>
                <SynonymousTo>
                  <Term ref="992" debugref="information bearer"/>
                  <Term ref="993" debugref="semantic variable"/>
                </SynonymousTo>
                <RelatedTo>
                  <Term ref="994" debugref="placeholder"/>
                  <Term ref="995" debugref="signal"/>
                </RelatedTo>
              </General>
            </__Ontology>
            <CustomExtensions>
              <CustomExtension name="x"/>
            </CustomExtensions>
            <Annotation>...</Annotation>
          </GlossaryEntry>
          <!-- The following entries have no definition yet, which is possible to exchange work in progress. Builder applications would provide mechanisms to check for undefined terms. In this document the following are defined only because used in the ontology of the first term. -->
          <GlossaryEntry key="990" debugkey="information">
            <Label>
              <Representation language="en">
                <Term>information</Term>
              </Representation>
            </Label>
          </GlossaryEntry>
          <GlossaryEntry key="991" debugkey="semantic unit">
            <Label>
              <Representation language="en">
                <Term>semantic unit</Term>
              </Representation>
            </Label>
          </GlossaryEntry>
          <GlossaryEntry key="992" debugkey="information bearer">
            <Label>
              <Representation language="en">
                <Term>information</Term>
              </Representation>
            </Label>
          </GlossaryEntry>
          <GlossaryEntry key="993" debugkey="semantic variable">
            <Label>
              <Representation language="en">
                <Term>semantic unit</Term>
              </Representation>
            </Label>
          </GlossaryEntry>
          <GlossaryEntry key="994" debugkey="placeholder">
            <Label>
              <Representation language="en">
                <Term>information</Term>
              </Representation>
            </Label>
          </GlossaryEntry>
          <GlossaryEntry key="995" debugkey="signal">
            <Label>
              <Representation language="en">
                <Term>signal</Term>
              </Representation>
            </Label>
          </GlossaryEntry>
        </Glossary>
        <Modifiers>
          <ModifierSet key="40">
            <Label>
              <Representation language="en">
                <Text>Certainty modifiers</Text>
              </Representation>
            </Label>
            <CertaintyModifiers>
              <Modifier key="40">
                <Label>
                  <Representation language="en">
                    <Text>probably </Text>
                    <Wording>
                      <TextBefore>probably </TextBefore>
                    </Wording>
                  </Representation>
                  <Representation language="de">
                    <Text>vermutlich</Text>
                    <Wording>
                      <TextBefore>vermutlich </TextBefore>
                    </Wording>
                  </Representation>
                </Label>
                <Specification>
                  <CertaintyRange lowerestimate="0.6" upperestimate="1"/>
                </Specification>
              </Modifier>
              <Modifier key="41">
                <Label>
                  <Representation language="en">
                    <Text>perhaps </Text>
                    <Wording>
                      <TextBefore>perhaps </TextBefore>
                    </Wording>
                  </Representation>
                  <Representation language="de">
                    <Text>eventuell</Text>
                    <Wording>
                      <TextBefore>eventuell </TextBefore>
                    </Wording>
                  </Representation>
                </Label>
                <Specification>
                  <CertaintyRange lowerestimate="0" upperestimate="0.5"/>
                </Specification>
              </Modifier>
              <Modifier key="42">
                <Label>
                  <Representation language="en">
                    <Text>(by misinterpretation)</Text>
                    <Wording>
                      <TextAfter> (by misinterpretation)</TextAfter>
                    </Wording>
                  </Representation>
                  <Representation language="de">
                    <Text>(durch Fehlinterpretation)</Text>
                    <Wording>
                      <TextAfter> (Fehlinterpretation)</TextAfter>
                    </Wording>
                  </Representation>
                </Label>
                <Annotation>Note that the probability value for true-by-misinterpretation should be set to 0 to 0! Applications may want to warn if this is not the case, it is not enforced by the schema!</Annotation>
                <Specification>
                  <CertaintyRange lowerestimate="0" upperestimate="0"/>
                  <IsTrueByMisinterpretation>true</IsTrueByMisinterpretation>
                </Specification>
              </Modifier>
            </CertaintyModifiers>
          </ModifierSet>
          <ModifierSet key="20">
            <Label>
              <Representation language="en">
                <Text>Frequency modifiers</Text>
              </Representation>
            </Label>
            <FrequencyModifiers>
              <Modifier key="20">
                <Label>
                  <Representation language="en">
                    <Text>extremely rarely</Text>
                    <Wording>
                      <TextBefore>extremely rarely</TextBefore>
                    </Wording>
                  </Representation>
                  <Representation language="de">
                    <Text>extrem selten</Text>
                    <Wording>
                      <TextBefore>extrem selten </TextBefore>
                    </Wording>
                  </Representation>
                </Label>
                <Definition ref="999"/>
                <CustomExtensions>
                  <CustomExtension name="x">
                    <x:Text>Frequency modifiers may carry application data</x:Text>
                  </CustomExtension>
                </CustomExtensions>
                <Annotation>= Developer annotation</Annotation>
                <Specification>
                  <FrequencyRange lowerestimate="0" upperestimate="0.01"/>
                </Specification>
                <!-- 0.01 = 1%! -->
              </Modifier>
              <Modifier key="21">
                <Label>
                  <Representation language="en">
                    <Text>very rarely</Text>
                    <Wording>
                      <TextBefore>very rarely </TextBefore>
                    </Wording>
                  </Representation>
                  <Representation language="de">
                    <Text>sehr selten</Text>
                    <Wording>
                      <TextBefore>sehr selten </TextBefore>
                    </Wording>
                  </Representation>
                </Label>
                <Specification>
                  <FrequencyRange lowerestimate="0.0001" upperestimate="0.05"/>
                </Specification>
                <!-- 0.05 = 5% -->
              </Modifier>
              <Modifier key="22">
                <Label>
                  <Representation language="en">
                    <Text>rarely</Text>
                    <Wording>
                      <TextBefore>rarely </TextBefore>
                    </Wording>
                  </Representation>
                  <Representation language="de">
                    <Text>selten</Text>
                    <Wording>
                      <TextBefore>selten </TextBefore>
                    </Wording>
                  </Representation>
                </Label>
                <!--- frequency limits may overlap (compare with very rarely): -->
                <Specification>
                  <FrequencyRange lowerestimate="0.0001" upperestimate="0.15"/>
                </Specification>
                <!-- 0.15 = 15% -->
              </Modifier>
              <Modifier key="23">
                <Label>
                  <Representation language="en">
                    <Text>often</Text>
                    <Wording>
                      <TextBefore>often </TextBefore>
                    </Wording>
                  </Representation>
                  <Representation language="de">
                    <Text>häufig</Text>
                    <Wording>
                      <TextBefore>häufig </TextBefore>
                    </Wording>
                  </Representation>
                </Label>
                <Specification>
                  <FrequencyRange lowerestimate="0.2" upperestimate="0.8"/>
                </Specification>
              </Modifier>
              <Modifier key="24">
                <Label>
                  <Representation language="en">
                    <Text>usually</Text>
                    <Wording>
                      <TextBefore>usually </TextBefore>
                    </Wording>
                  </Representation>
                  <Representation language="de">
                    <Text>gewöhnlich</Text>
                    <Wording>
                      <TextBefore>gewöhnlich </TextBefore>
                    </Wording>
                  </Representation>
                </Label>
                <Specification>
                  <FrequencyRange lowerestimate="0.5" upperestimate="0.999"/>
                </Specification>
              </Modifier>
              <Modifier key="25">
                <Label>
                  <Representation language="en">
                    <Text>almost always</Text>
                    <Wording>
                      <TextBefore>almost always </TextBefore>
                    </Wording>
                  </Representation>
                  <Representation language="de">
                    <Text>fast stets</Text>
                    <Wording>
                      <TextBefore>fast stets </TextBefore>
                    </Wording>
                  </Representation>
                </Label>
                <Specification>
                  <FrequencyRange lowerestimate="0.9" upperestimate="0.999"/>
                </Specification>
              </Modifier>
            </FrequencyModifiers>
          </ModifierSet>
          <ModifierSet key="1">
            <Label>
              <Representation language="en">
                <Text>Other modifiers</Text>
              </Representation>
            </Label>
            <StateModifiers>
              <Modifier key="1">
                <Label>
                  <Representation language="en">
                    <Text>shallowly</Text>
                    <Abbreviation>shall.</Abbreviation>
                    <Wording>
                      <TextBefore>shallowly </TextBefore>
                    </Wording>
                  </Representation>
                </Label>
                <Definition ref="999"/>
                <CustomExtensions>
                  <CustomExtension name="x">
                    <x:Text>Modifiers may carry application-specific data</x:Text>
                  </CustomExtension>
                </CustomExtensions>
                <Annotation>Development notes here, e. g. a note where the modifier is intended to be used. Modifiers will relatively rarely use abbreviations or be associated with Glossary entries, but it is fully supported.</Annotation>
              </Modifier>
              <Modifier key="2">
                <Label>
                  <Representation language="en">
                    <Text>weakly</Text>
                    <Wording>
                      <TextBefore>weakly </TextBefore>
                    </Wording>
                  </Representation>
                </Label>
              </Modifier>
              <Modifier key="3">
                <Label>
                  <Representation language="en">
                    <Text>(when mature)</Text>
                    <Wording>
                      <TextAfter> (when mature)</TextAfter>
                    </Wording>
                  </Representation>
                </Label>
                <Annotation>Note that this has a wording AFTER the state (and none before). It is also possible to define both one before and after the state.</Annotation>
              </Modifier>
              <!-- the following are color hues. Should a separate modifier category defined for this? -->
              <Modifier key="4">
                <Label>
                  <Representation language="en">
                    <Text>reddish</Text>
                    <Wording>
                      <TextBefore>reddish </TextBefore>
                    </Wording>
                  </Representation>
                  <Representation language="de">
                    <Text>rötlich</Text>
                    <Wording>
                      <TextBefore>rötlich </TextBefore>
                    </Wording>
                  </Representation>
                </Label>
              </Modifier>
              <Modifier key="5">
                <Label>
                  <Representation language="en">
                    <Text>greenish</Text>
                    <Wording>
                      <TextBefore>greenish </TextBefore>
                    </Wording>
                  </Representation>
                  <Representation language="de">
                    <Text>grünlich </Text>
                    <Wording>
                      <TextBefore>grünlich </TextBefore>
                    </Wording>
                  </Representation>
                </Label>
              </Modifier>
              <Modifier key="6">
                <Label>
                  <Representation language="en">
                    <Text>dark</Text>
                    <Wording>
                      <TextBefore>dark </TextBefore>
                    </Wording>
                  </Representation>
                  <Representation language="de">
                    <Text>dunkel</Text>
                    <Wording>
                      <TextBefore>dunkel </TextBefore>
                    </Wording>
                  </Representation>
                </Label>
              </Modifier>
              <Modifier key="7">
                <Label>
                  <Representation language="en">
                    <Text>dark reddish</Text>
                    <Wording>
                      <TextBefore>dark reddish-</TextBefore>
                    </Wording>
                  </Representation>
                  <Representation language="de">
                    <Text>dunkelrötlich</Text>
                    <Wording>
                      <TextBefore>dunkelrötlich-</TextBefore>
                    </Wording>
                  </Representation>
                </Label>
              </Modifier>
            </StateModifiers>
          </ModifierSet>
        </Modifiers>
        <Characters>
          <CategoricalCharacter key="1">
            <!-- the following used to be combined with above in earlier versions of SDD (allowing a character to have both a numerical and categorical representation -->
            <Label>
              <Representation language="en">
                <Text>Char 1 as categorical</Text>
              </Representation>
            </Label>
            <Assumptions>
              <MeasurementScale>ordinal</MeasurementScale>
            </Assumptions>
            <States>
              <StateDefinition key="1">
                <Label>
                  <Representation language="en">
                    <Text>Text 1</Text>
                    <Abbreviation>normalizedString</Abbreviation>
                    <ExportToken>A</ExportToken>
                    <Icon ref="123"/>
                    <MediaResources>
                      <MediaResource ref="124"/>
                    </MediaResources>
                    <Wording>
                      <Text>Text<em>Text</em>
                      </Text>
                    </Wording>
                  </Representation>
                  <Representation language="de">
                    <Text>Text<em>Text</em>
                    </Text>
                  </Representation>
                </Label>
                <Definition ref="999"/>
                <CustomExtensions>
                  <CustomExtension name="x"/>
                </CustomExtensions>
                <Annotation>= Developer annotation</Annotation>
                <UnconstrainedText>true</UnconstrainedText>
              </StateDefinition>
              <StateDefinition key="2">
                <Label>
                  <Representation language="en">
                    <Text>Text <em>2</em>
                    </Text>
                    <Abbreviation>normalizedString</Abbreviation>
                    <ExportToken>A</ExportToken>
                    <Wording>
                      <Text>Text<em>Text</em>
                      </Text>
                    </Wording>
                  </Representation>
                </Label>
                <Definition ref="999"/>
                <CustomExtensions>
                  <CustomExtension name="x"/>
                </CustomExtensions>
                <Annotation>= Developer annotation</Annotation>
              </StateDefinition>
              <StateDefinition key="3">
                <Label>
                  <Representation language="en">
                    <Text>Text 3<sup>3</sup>
                    </Text>
                    <Abbreviation>normalizedString</Abbreviation>
                    <ExportToken>A</ExportToken>
                    <Wording>
                      <Text>Text<em>Text</em>
                      </Text>
                    </Wording>
                  </Representation>
                </Label>
                <Definition ref="999"/>
                <CustomExtensions>
                  <CustomExtension name="x"/>
                </CustomExtensions>
                <Annotation>= Developer annotation</Annotation>
              </StateDefinition>
            </States>
          </CategoricalCharacter>
          <CategoricalCharacter key="2">
            <Label>
              <Representation language="en">
                <Text>Char 2</Text>
              </Representation>
            </Label>
            <Definition ref="999"/>
            <Annotation>= Developer annotation</Annotation>
            <Assumptions>
              <MeasurementScale>ordinal</MeasurementScale>
            </Assumptions>
            <States>
              <StateDefinition key="4">
                <Label>
                  <Representation language="en">
                    <Text>Text<em>Text</em>
                    </Text>
                    <Abbreviation>normalizedString</Abbreviation>
                    <Wording>
                      <Text>Text<em>Text</em>
                      </Text>
                    </Wording>
                  </Representation>
                </Label>
                <Definition ref="999"/>
                <CustomExtensions>
                  <CustomExtension name="x"/>
                </CustomExtensions>
                <Annotation>= Developer annotation</Annotation>
                <UnconstrainedText>false</UnconstrainedText>
              </StateDefinition>
              <StateDefinition key="5">
                <Label>
                  <Representation language="en">
                    <Text>Text 5</Text>
                    <Abbreviation>normalizedString</Abbreviation>
                    <Wording>
                      <Text>Text<em>Text</em>
                      </Text>
                    </Wording>
                  </Representation>
                </Label>
                <Definition ref="999"/>
                <CustomExtensions>
                  <CustomExtension name="x"/>
                </CustomExtensions>
                <Annotation>= Developer annotation</Annotation>
              </StateDefinition>
              <StateDefinition key="6">
                <Label>
                  <Representation language="en">
                    <Text>Text 6</Text>
                    <Abbreviation>Text 6</Abbreviation>
                    <Wording>
                      <Text>Text 6</Text>
                    </Wording>
                  </Representation>
                </Label>
                <Definition ref="999"/>
                <CustomExtensions>
                  <CustomExtension name="x"/>
                </CustomExtensions>
                <Annotation>= Developer annotation</Annotation>
              </StateDefinition>
            </States>
          </CategoricalCharacter>
          <CategoricalCharacter key="3">
            <Label>
              <Representation language="en">
                <Text>Char 3</Text>
              </Representation>
            </Label>
            <Assumptions>
              <MeasurementScale>nominal</MeasurementScale>
            </Assumptions>
            <States>
              <StateDefinition key="7">
                <Label>
                  <Representation language="en">
                    <Text>Text<em>Text</em>
                    </Text>
                    <Abbreviation>normalizedString</Abbreviation>
                    <Wording>
                      <Text>Text<em>Text</em>
                      </Text>
                    </Wording>
                  </Representation>
                </Label>
                <Definition ref="999"/>
                <CustomExtensions>
                  <CustomExtension name="x"/>
                </CustomExtensions>
                <Annotation>= Developer annotation</Annotation>
              </StateDefinition>
              <StateDefinition key="8">
                <Label>
                  <Representation language="en">
                    <Text>Text 8</Text>
                    <Abbreviation>T8</Abbreviation>
                    <Wording>
                      <Text>Text 8</Text>
                    </Wording>
                  </Representation>
                </Label>
              </StateDefinition>
              <StateDefinition key="9">
                <Label>
                  <Representation language="en">
                    <Text>Text 9</Text>
                  </Representation>
                </Label>
              </StateDefinition>
            </States>
          </CategoricalCharacter>
          <QuantitativeCharacter key="4">
            <Label>
              <Representation language="en">
                <Text>Char 1 as numerical</Text>
              </Representation>
            </Label>
            <Definition ref="999"/>
            <CustomExtensions>
              <CustomExtension name="x"/>
            </CustomExtensions>
            <Annotation>= Developer annotation</Annotation>
            <Assumptions>
              <MeasurementScale>ratio</MeasurementScale>
            </Assumptions>
            <Mappings>
              <Mapping>
                <From lower="0" upper="3"/>
                <To ref="1"/>
              </Mapping>
              <Mapping>
                <From lower="3" upper="10"/>
                <To ref="2"/>
              </Mapping>
              <Mapping>
                <From lower="4" upper="10000000"/>
                <To ref="3"/>
              </Mapping>
            </Mappings>
            <RecommendedMeasurementUnit ref="1">
              <InternationalAbbreviation>mm</InternationalAbbreviation>
            </RecommendedMeasurementUnit>
          </QuantitativeCharacter>
        </Characters>
        <ConceptTrees>
          <ConceptTree key="1">
            <Label>
              <Representation language="en">
                <Text>First Character Tree</Text>
              </Representation>
            </Label>
            <Specification>
              <Type>PartCompositionHierarchy</Type>
              <DesignedFor>
                <Role>DescriptionEditing</Role>
                <Role>InteractiveIdentification</Role>
                <Role>TerminologyReporting</Role>
                <Role>NaturalLanguageReporting</Role>
              </DesignedFor>
            </Specification>
            <Concept key="0" debugkey="rootkey is currently not referrable!">
              <Label>
                <Representation language="en">
                  <Text>Node label</Text>
                  <Wording>
                    <TextBefore>Text</TextBefore>
                    <TextAfter>:</TextAfter>
                    <RepeatedDelimiterText>, </RepeatedDelimiterText>
                    <LastDelimiterText> and </LastDelimiterText>
                  </Wording>
                </Representation>
              </Label>
              <ReferableDefinitions>
                <ConceptStates>
                  <StateDefinition key="10">
                    <Label>
                      <Representation language="en">
                        <Text>State<sup>10</sup>
                        </Text>
                      </Representation>
                    </Label>
                    <Definition ref="999"/>
                    <CustomExtensions>
                      <CustomExtension name="x"/>
                    </CustomExtensions>
                  </StateDefinition>
                  <StateDefinition key="11">
                    <Label>
                      <Representation language="en">
                        <Text>State x<sup>11</sup>
                        </Text>
                      </Representation>
                    </Label>
                    <Definition ref="999"/>
                    <Annotation>= Developer annotation</Annotation>
                  </StateDefinition>
                  <StateDefinition key="12">
                    <Label>
                      <Representation language="en">
                        <Text>State 12</Text>
                      </Representation>
                    </Label>
                    <Definition ref="999"/>
                  </StateDefinition>
                </ConceptStates>
              </ReferableDefinitions>
              <InheritableDefinitions>
                <DependencyRules>
                  <OnlyApplicableIf>
                    <State ref="1"/>
                    <State ref="2"/>
                  </OnlyApplicableIf>
                  <InapplicableIf>
                    <State ref="3"/>
                  </InapplicableIf>
                </DependencyRules>
              </InheritableDefinitions>
              <Nodes>
                <Concept key="2">
                  <Label>
                    <Representation language="en">
                      <Text>Node label</Text>
                    </Representation>
                  </Label>
                </Concept>
                <Concept key="3">
                  <Annotation>The node labels are optional!</Annotation>
                </Concept>
              </Nodes>
            </Concept>
          </ConceptTree>
          <ConceptTree key="2">
            <Label>
              <Representation language="en">
                <Text>Second Character Tree</Text>
              </Representation>
            </Label>
            <Specification>
              <Type>PropertyHierarchy</Type>
              <DesignedFor>
                <Role>NaturalLanguageReporting</Role>
              </DesignedFor>
            </Specification>
            <Concept key="21">
              <Label>
                <Representation language="en">
                  <Text>Text<em>Text</em>
                  </Text>
                  <Abbreviation>normalizedString</Abbreviation>
                  <Wording>
                    <TextBefore>Text<em>Text</em>
                    </TextBefore>
                    <TextAfter>Text<em>Text</em>
                    </TextAfter>
                  </Wording>
                </Representation>
              </Label>
              <Definition ref="999"/>
              <CustomExtensions>
                <CustomExtension name="x"/>
              </CustomExtensions>
              <Annotation>= Developer annotation</Annotation>
              <ReferableDefinitions>
                <ConceptStates>
                  <StateDefinition key="13">
                    <Label>
                      <Representation language="en">
                        <Text>Text 13</Text>
                        <Abbreviation>normalizedString</Abbreviation>
                        <Wording>
                          <Text>Text<em>Text</em>
                          </Text>
                        </Wording>
                      </Representation>
                    </Label>
                    <Definition ref="999"/>
                  </StateDefinition>
                  <StateDefinition key="14">
                    <Label>
                      <Representation language="en">
                        <Text>Text 14</Text>
                      </Representation>
                    </Label>
                  </StateDefinition>
                  <StateDefinition key="15">
                    <Label>
                      <Representation language="en">
                        <Text>Text 15</Text>
                      </Representation>
                    </Label>
                  </StateDefinition>
                </ConceptStates>
              </ReferableDefinitions>
              <InheritableDefinitions>
                <DependencyRules>
                  <InapplicableIf>
                    <State ref="4"/>
                  </InapplicableIf>
                </DependencyRules>
              </InheritableDefinitions>
            </Concept>
          </ConceptTree>
          <ConceptTree key="9">
            <!-- Concept trees can also define presentation concepts, e.g. n-dimensional array arrangements: By default the innermost dimension is considered row, the next table (rows). Any further dimension can only be displayed as pages or when using a pivot viewer. Recommendation: applications may display 3 dimensions as multiple 2-dimensional tables one below the other. -->
            <Label>
              <Representation language="en">
                <Text>Table of Growth diameter (by time and temperature)</Text>
              </Representation>
            </Label>
            <Specification>
              <Type>PresentationTable</Type>
              <DesignedFor>
                <Role>NaturalLanguageReporting</Role>
              </DesignedFor>
            </Specification>
            <!-- rows -->
            <Concept key="900" debugkey="table">
              <Nodes>
                <Concept key="901" debugkey="row1">
                  <!-- row (the ref IDs are currently just dummies for formal validation, see debugref for the intended concepts!) -->
                  <Label>
                    <Representation language="en">
                      <Text>7 days</Text>
                    </Representation>
                  </Label>
                  <Nodes>
                    <!-- row -->
                    <Concept key="904">
                      <Character ref="1" debugref="GrowthDiam15c7d_OA"/>
                    </Concept>
                    <Concept key="905">
                      <Character ref="2" debugref="GrowthDiam15c7d_MA"/>
                    </Concept>
                    <Concept key="906">
                      <Character ref="3" debugref="GrowthDiam15c7d_SNA"/>
                    </Concept>
                  </Nodes>
                </Concept>
                <Concept key="902" debugkey="row2">
                  <Label>
                    <Representation language="en">
                      <Text>14 days</Text>
                    </Representation>
                  </Label>
                  <Nodes>
                    <!-- row -->
                    <Concept key="907">
                      <Character ref="1" debugref="GrowthDiam15c14d_OA"/>
                    </Concept>
                    <Concept key="908">
                      <Character ref="2" debugref="GrowthDiam15c14d_MA"/>
                    </Concept>
                    <Concept key="909">
                      <Character ref="3" debugref="GrowthDiam15c14d_SNA"/>
                    </Concept>
                  </Nodes>
                </Concept>
                <Concept key="903" debugkey="row3">
                  <Label>
                    <Representation language="en">
                      <Text>21 days</Text>
                    </Representation>
                  </Label>
                  <Nodes>
                    <!-- row -->
                    <Concept key="910">
                      <Character ref="1" debugref="GrowthDiam15c21d_OA"/>
                    </Concept>
                    <Concept key="911">
                      <Character ref="2" debugref="GrowthDiam15c21d_MA"/>
                    </Concept>
                    <Concept key="912">
                      <Character ref="3" debugref="GrowthDiam15c21d_SNA"/>
                    </Concept>
                  </Nodes>
                </Concept>
                <!-- end rows -->
              </Nodes>
            </Concept>
          </ConceptTree>
          <!-- other types possible for character group are: -->
          <ConceptTree key="10">
            <Label>
              <Representation language="en">
                <Text>Observation methods</Text>
              </Representation>
            </Label>
            <Specification>
              <Type>MethodHierarchy</Type>
            </Specification>
            <Concept key="1001" debugkey="CultureMethods">
              <Label>
                <Representation language="en">
                  <Text>Culture methods</Text>
                </Representation>
              </Label>
              <Nodes>
                <!-- dummy content, in a real tree many more methods would be listed! -->
                <Concept key="1002">
                  <Label>
                    <Representation language="en">
                      <Text>Table of Growth diameter (by time and temperature)</Text>
                      <Abbreviation>normalizedString</Abbreviation>
                      <ExportToken>A</ExportToken>
                      <Icon ref="123"/>
                      <MediaResources>
                        <MediaResource ref="124"/>
                      </MediaResources>
                    </Representation>
                  </Label>
                  <Character ref="1" debugref="GrowthDiam15c21d_OA"/>
                </Concept>
                <Concept key="1003">
                  <Character ref="2" debugref="GrowthDiam15c21d_MA"/>
                </Concept>
                <Concept key="1004">
                  <Character ref="3" debugref="GrowthDiam15c21d_SNA"/>
                </Concept>
              </Nodes>
            </Concept>
          </ConceptTree>
          <!-- other types possible for character group are: -->
          <ConceptTree key="11">
            <Label>
              <Representation language="en">
                <Text>Special tree for modifier sets (normally these are expected to be integrated into another main concept tree!)</Text>
              </Representation>
            </Label>
            <Specification>
              <Type>OtherConceptHierarchy</Type>
            </Specification>
            <Concept key="2001" debugkey="CultureMethods">
              <Nodes>
                <Concept key="2002">
                  <Label>
                    <Representation language="en">
                      <Text>Standard uncertainty modifiers</Text>
                    </Representation>
                  </Label>
                  <InheritableDefinitions>
                    <RecommendedModifiers>
                      <ModifierSet ref="40"/>
                    </RecommendedModifiers>
                  </InheritableDefinitions>
                </Concept>
                <Concept key="2003">
                  <Label>
                    <Representation language="en">
                      <Text>Modifier set for presence/absence characters</Text>
                    </Representation>
                  </Label>
                  <InheritableDefinitions>
                    <RecommendedModifiers>
                      <ModifierSet ref="1"/>
                    </RecommendedModifiers>
                  </InheritableDefinitions>
                </Concept>
                <Concept key="2004">
                  <Label>
                    <Representation language="en">
                      <Text>Modifier set for standard categorical characters</Text>
                    </Representation>
                  </Label>
                  <InheritableDefinitions>
                    <RecommendedModifiers>
                      <ModifierSet ref="20"/>
                      <ModifierSet ref="1"/>
                    </RecommendedModifiers>
                  </InheritableDefinitions>
                </Concept>
                <Concept key="2005">
                  <Label>
                    <Representation language="en">
                      <Text>Modifier set for colors</Text>
                    </Representation>
                  </Label>
                  <InheritableDefinitions>
                    <RecommendedModifiers>
                      <ModifierSet ref="20"/>
                      <ModifierSet ref="1"/>
                    </RecommendedModifiers>
                  </InheritableDefinitions>
                </Concept>
              </Nodes>
            </Concept>
          </ConceptTree>
        </ConceptTrees>
      </Terminology>
      <NaturalLanguageDescriptions>
        <NaturalLanguageDescription key="1">
          <Header>
            <ClassName ref="4"/>
            <Citation>
              <Publication ref="111"/>
              <Location>156</Location>
            </Citation>
            <GeographicalScope>
              <Locality ref="2"/>
            </GeographicalScope>
          </Header>
          <RevisionData>
            <Creators>
              <AgentRole role="aut">
                <Agent ref="1"/>
              </AgentRole>
              <AgentRole role="edt">
                <Agent ref="2"/>
              </AgentRole>
            </Creators>
            <InitiationDate>1999-08-13T00:00:00</InitiationDate>
            <LastRevisionDate>2003-11-05T00:00:00</LastRevisionDate>
            <RevisionStatus>Unrevised</RevisionStatus>
          </RevisionData>
          <MediaResources>
            <MediaResource ref="123"/>
          </MediaResources>
          <CustomExtensions>
            <CustomExtension name="x" version="1.0"/>
          </CustomExtensions>
          <Annotation>= Developer annotation</Annotation>
          <NaturalLanguageData>
            <Text parsed="0">Natural language description may contain just the text, without any markup sor far!</Text>
          </NaturalLanguageData>
        </NaturalLanguageDescription>
        <NaturalLanguageDescription key="2">
          <Header>
            <Unit ref="1"/>
            <Citation>
              <Publication ref="112"/>
              <Location>#bookmark</Location>
            </Citation>
          </Header>
          <NaturalLanguageData>
            <Categorical ref="1">
              <Text parsed="0">Text</Text>
            </Categorical>
            <Concept ref="2">
              <Quantitative ref="4">
                <Text parsed="0">Text</Text>
              </Quantitative>
              <Categorical ref="3">
                <Text parsed="0">Text</Text>
              </Categorical>
            </Concept>
            <Concept ref="3">
              <Text parsed="0">Text</Text>
            </Concept>
          </NaturalLanguageData>
        </NaturalLanguageDescription>
      </NaturalLanguageDescriptions>
      <CodedDescriptions>
        <CodedDescription key="101">
          <Header>
            <ClassName ref="1"/>
          </Header>
          <RevisionData>
            <Creators>
              <AgentRole role="cre">
                <Agent ref="2"/>
              </AgentRole>
            </Creators>
            <InitiationDate>2003-08-13T10:23:11</InitiationDate>
            <LastRevisionDate>2003-08-13T10:23:11</LastRevisionDate>
          </RevisionData>
          <MediaResources>
            <!-- media resources that can not be tied to a single character, but illustrate the entire description -->
            <MediaResource ref="123"/>
            <MediaResource ref="124"/>
            <MediaResource ref="125"/>
          </MediaResources>
          <SummaryData>
            <Categorical ref="1">
              <Status ref="1"/>
              <State ref="1">
                <Frequency ref="24" lower="0.8" upper="0.8"/>
              </State>
              <State ref="2">
                <Note>
                  <Representation language="en">
                    <Text>especially in later summer</Text>
                  </Representation>
                </Note>
              </State>
            </Categorical>
            <Quantitative ref="4">
              <Modifiers>
                <Certainty ref="40"/>
              </Modifiers>
              <Status ref="1"/>
              <Note>
                <Representation language="en">
                  <Text>This maximum may be based on erroneous operation of the instrument</Text>
                </Representation>
              </Note>
              <Measure ref="Min" value="100.4"/>
              <Measure ref="Max" value="120"/>
            </Quantitative>
            <Categorical ref="3">
              <MediaResources>
                <!-- media resources like images may be specific to a single character. You can, however, add them only together with a character statement, which may be coding status unknown! -->
                <MediaResource ref="123"/>
              </MediaResources>
              <Status ref="2"/>
            </Categorical>
          </SummaryData>
        </CodedDescription>
      </CodedDescriptions>
      <IdentificationKeys>
        <IdentificationKey key="1">
          <Label>
            <Representation language="en">
              <Text>Key to the <em>Families</em> of Higher Plants</Text>
            </Representation>
            <Representation language="de">
              <Text>Schlüssel zu den Familien der Höheren Pflanzen</Text>
            </Representation>
          </Label>
          <RevisionData>
            <Creators>
              <AgentRole role="aut">
                <Agent ref="1"/>
              </AgentRole>
              <AgentRole role="edt">
                <Agent ref="1"/>
                <Agent ref="2"/>
              </AgentRole>
            </Creators>
            <Contributors>
              <AgentRole role="ctb">
                <Agent ref="3"/>
                <Agent ref="4"/>
              </AgentRole>
            </Contributors>
            <InitiationDate>1999-08-13T00:00:00</InitiationDate>
            <LastRevisionDate>2003-11-05T00:00:00</LastRevisionDate>
            <RevisionStatus>RevisionLevel1</RevisionStatus>
          </RevisionData>
          <Lead key="1">
            <Statement>
              <Representation language="en">
                <Text>Key to the <em>Families</em> of Higher Plants</Text>
              </Representation>
            </Statement>
            <Annotation>Discuss the issue of the redundant/empty first Statement!</Annotation>
            <QuestionText>
              <Representation language="en">
                <Text>Is the plant mostly green?</Text>
              </Representation>
            </QuestionText>
            <Nodes>
              <Lead key="2">
                <Statement>
                  <Representation language="en">
                    <Text>yes</Text>
                  </Representation>
                </Statement>
                <QuestionText>
                  <Representation language="en">
                    <Text>Are parts of the plant woody?</Text>
                  </Representation>
                </QuestionText>
                <Nodes>
                  <Lead key="3">
                    <Statement>
                      <Representation language="en">
                        <Text>yes</Text>
                      </Representation>
                    </Statement>
                    <ClassName ref="1"/>
                    <!-- finishing here with class = taxon reference is nonsense, of course!-->
                  </Lead>
                  <Lead key="4">
                    <Statement>
                      <Representation language="en">
                        <Text>no</Text>
                      </Representation>
                    </Statement>
                    <ClassName ref="1"/>
                    <!-- finishing here with class = taxon reference is nonsense, of course!-->
                  </Lead>
                </Nodes>
              </Lead>
              <Lead key="5">
                <Statement>
                  <Representation language="en">
                    <Text>no</Text>
                  </Representation>
                </Statement>
                <ClassName ref="1"/>
                <!-- finishing here with class = taxon reference is nonsense, of course!-->
              </Lead>
            </Nodes>
          </Lead>
        </IdentificationKey>
        <IdentificationKey key="2">
          <Label>
            <Representation language="en">
              <Text>Multiple keys are possible. This one is the more normal type without QuestionText:</Text>
            </Representation>
          </Label>
          <Lead key="101">
            <Statement>
              <Representation language="en">
                <Text>...</Text>
              </Representation>
            </Statement>
            <Nodes>
              <Lead key="102">
                <Statement>
                  <Representation language="en">
                    <Text>Plant mostly green</Text>
                  </Representation>
                </Statement>
                <Nodes>
                  <Lead key="103">
                    <Statement>
                      <Representation language="en">
                        <Text>woody parts</Text>
                      </Representation>
                    </Statement>
                    <ClassName ref="1"/>
                  </Lead>
                  <Lead key="104">
                    <Statement>
                      <Representation language="en">
                        <Text>no woody parts</Text>
                      </Representation>
                    </Statement>
                    <ClassName ref="1"/>
                  </Lead>
                </Nodes>
              </Lead>
              <Lead key="105">
                <Statement>
                  <Representation language="en">
                    <Text>No  parts or plant are normally green (some may be greenish yellow)</Text>
                  </Representation>
                </Statement>
                <ClassName ref="1"/>
              </Lead>
            </Nodes>
          </Lead>
        </IdentificationKey>
      </IdentificationKeys>
    </DescriptiveData>
  </Dataset>
</Datasets>
