<CategoricalCharacter id="1">
  <Representation>
    <Label> Leaf complexity</Label>
  </Representation>
  <Assumptions>
    <MeasurementScale>nominal</MeasurementScale>
  </Assumptions>
  <States>
    <StateDefinition id="1">
      <Representation>
        <Label>Simple</Label>
      </Representation>
    </StateDefinition>
    <StateDefinition id="2">
      <Representation>
        <Label>Compound</Label>
      </Representation>
    </StateDefinition>
  </States>
</CategoricalCharacter>
