<?xml version="1.0" encoding="UTF-8"?>
<!DOCTYPE SDD [
  <!ENTITY Taxa SYSTEM "EntityIncludeExample-Taxa.xml">
  <!ENTITY AgentsPublRsc SYSTEM "EntityIncludeExample-AgentsPublRsc.xml">
  <!ENTITY CharBlock1 SYSTEM "EntityIncludeExample-Char1.xml">
  <!ENTITY CharBlock2 SYSTEM "EntityIncludeExample-Char2.xml">
  <!ENTITY DescriptBlock SYSTEM "EntityIncludeExample-Descr.xml">
]>
<Datasets xmlns:xsi="http://www.w3.org/2001/XMLSchema-instance" xmlns="http://www.tdwg.org/2006/UBIF" xsi:schemaLocation="http://www.tdwg.org/2006/UBIF SDD.xsd">
  <!-- This example is based on the minimal SDD example and illustrates how SDD can be used when fragments are distributed over several files, using XML external entities. The key/keyref identity constraints are still validated. Alternatively, xInclude may be used. This has many advantages, but the major disadvantage of not being automatically supported by validating parsers or applications like Altova xml spy. The main point of this demonstration is, however, that the aggregation of distributed fragments into a valid SDD entity, where all relations are resolvable, is considered a question of external mechanisms, and not part of SDD.
(Intended for version="SDD 1.01").   -->
  <TechnicalMetadata created="2004-09-10T10:00:00">
    <Generator name="n/a, handcrafted instance document" version="n/a"/>
  </TechnicalMetadata>
  <Dataset  xml:lang="en-us">
    <Representation>
      <Label>The Genus Viola</Label>
    </Representation>
    <RevisionData>
      <Creators>
        <Agent role="aut" ref="1"/>
      </Creators>
      <DateCreated>2004-08-12T00:00:00</DateCreated>
      <DateModified>2006-04-08T00:00:00</DateModified>
    </RevisionData>
    &Taxa; 
    <Characters>
    &CharBlock1; 
    &CharBlock2; 
    </Characters>
    <CodedDescriptions>
    &DescriptBlock; 
    </CodedDescriptions>
    &AgentsPublRsc; 
  </Dataset>
</Datasets>
