<Concept id="40">
  <Representation>
    <Label>Preferred certainty modifiers</Label>
  </Representation>
  <ReferableDefinitions>
    <Modifiers>
      <Modifier id="40">
        <Representation>
          <Label xml:lang="en">probably</Label>
          <Label xml:lang="de">vermutlich</Label>
        </Representation>
        <NaturalLanguageWording>
          <Fragment xml:lang="en" role="before">probably </Fragment>
          <Fragment xml:lang="de" role="before">vermutlich </Fragment>
        </NaturalLanguageWording>
        <Specification>
          <Class>Certainty</Class>
          <ProportionRange lowerestimate="0.6" upperestimate="1"/>
        </Specification>
      </Modifier>
      <Modifier id="41">
        <Representation>
          <Label xml:lang="en">perhaps</Label>
          <Label xml:lang="de">eventuell</Label>
        </Representation>
        <NaturalLanguageWording>
          <Fragment xml:lang="en" role="before">perhaps </Fragment>
          <Fragment xml:lang="de" role="before">eventuell </Fragment>
        </NaturalLanguageWording>
        <Specification>
          <Class>Certainty</Class>
          <ProportionRange lowerestimate="0" upperestimate="0.5"/>
        </Specification>
      </Modifier>
      <Modifier id="42">
        <Representation>
          <Label xml:lang="en">(by misinterpretation)</Label>
          <Label xml:lang="de">(durch Fehlinterpretation)</Label>
        </Representation>
        <NaturalLanguageWording>
          <Fragment xml:lang="en" role="after">(by misinterpretation)</Fragment>
          <Fragment xml:lang="de" role="after">(Fehlinterpretation)</Fragment>
        </NaturalLanguageWording>
        <Specification>
          <Class>TreatAsMisinterpretation</Class>
          <ProportionRange lowerestimate="0" upperestimate="0"/>
        </Specification>
      </Modifier>
    </Modifiers>
  </ReferableDefinitions>
</Concept>
<Concept id="45">
  <Representation>
    <Label>Preferred frequency modifiers</Label>
  </Representation>
  <ReferableDefinitions>
    <Modifiers>
      <Modifier id="45">
        <Representation>
          <Label xml:lang="en">extremely rarely</Label>
          <Label xml:lang="de">extrem selten</Label>
        </Representation>
        <NaturalLanguageWording>
          <Fragment xml:lang="en" role="before">extremely rarely </Fragment>
          <Fragment xml:lang="de" role="before">extrem selten </Fragment>
        </NaturalLanguageWording>
        <Specification>
          <Class>Frequency</Class>
          <ProportionRange lowerestimate="0" upperestimate="0.01"/>
        </Specification>
        <!-- 0.01 = 1%! -->
      </Modifier>
      <Modifier id="46">
        <Representation>
          <Label xml:lang="en">very rarely</Label>
          <Label xml:lang="de">sehr selten</Label>
        </Representation>
        <NaturalLanguageWording>
          <Fragment xml:lang="en" role="before">very rarely </Fragment>
          <Fragment xml:lang="de" role="before">sehr selten </Fragment>
        </NaturalLanguageWording>
        <Specification>
          <Class>Frequency</Class>
          <ProportionRange lowerestimate="0.0001" upperestimate="0.05"/>
        </Specification>
        <!-- 0.05 = 5% -->
      </Modifier>
      <Modifier id="47">
        <Representation>
          <Label xml:lang="en">rarely</Label>
          <Label xml:lang="de">selten</Label>
        </Representation>
        <NaturalLanguageWording>
          <Fragment xml:lang="en" role="before">rarely </Fragment>
          <Fragment xml:lang="de" role="before">selten </Fragment>
        </NaturalLanguageWording>
        <!--- frequency limits may overlap (compare with very rarely): -->
        <Specification>
          <Class>Frequency</Class>
          <ProportionRange lowerestimate="0.0001" upperestimate="0.15"/>
        </Specification>
        <!-- 0.15 = 15% -->
      </Modifier>
      <Modifier id="48">
        <Representation>
          <Label xml:lang="en">often</Label>
          <Label xml:lang="de">häufig</Label>
        </Representation>
        <NaturalLanguageWording>
          <Fragment xml:lang="en" role="before">often </Fragment>
          <Fragment xml:lang="de" role="before">häufig </Fragment>
        </NaturalLanguageWording>
        <Specification>
          <Class>Frequency</Class>
          <ProportionRange lowerestimate="0.2" upperestimate="0.8"/>
        </Specification>
      </Modifier>
      <Modifier id="49">
        <Representation>
          <Label xml:lang="en">usually</Label>
          <Label xml:lang="de">gewöhnlich</Label>
        </Representation>
        <NaturalLanguageWording>
          <Fragment xml:lang="en" role="before">usually </Fragment>
          <Fragment xml:lang="de" role="before">gewöhnlich </Fragment>
        </NaturalLanguageWording>
        <Specification>
          <Class>Frequency</Class>
          <ProportionRange lowerestimate="0.5" upperestimate="0.999"/>
        </Specification>
      </Modifier>
      <Modifier id="50">
        <Representation>
          <Label xml:lang="en">almost always</Label>
          <Label xml:lang="de">fast immer</Label>
        </Representation>
        <NaturalLanguageWording>
          <Fragment xml:lang="en" role="before">almost always </Fragment>
          <Fragment xml:lang="de" role="before">fast immer </Fragment>
        </NaturalLanguageWording>
        <Specification>
          <Class>Frequency</Class>
          <ProportionRange lowerestimate="0.9" upperestimate="0.999"/>
        </Specification>
      </Modifier>
    </Modifiers>
  </ReferableDefinitions>
</Concept>
<Concept id="51">
  <Representation>
    <Label>Color modifiers</Label>
  </Representation>
  <Annotation>Color modifier potentially bear a relationship to color state values. Can this be expressed in specification?</Annotation>
  <Extensions>
    <x:Block xmlns:x="www.x.edu">
      <x:Label>DescriptiveConcepts may carry custom extensions, e.g. application-specific data.</x:Label>
    </x:Block>
  </Extensions>
  <ReferableDefinitions>
    <Modifiers>
      <Modifier id="51">
        <Representation>
          <Label xml:lang="en">reddish</Label>
          <Label xml:lang="de">rötlich</Label>
        </Representation>
        <NaturalLanguageWording>
          <Fragment xml:lang="en" role="before">reddish-</Fragment>
          <Fragment xml:lang="de" role="before">rötlich-</Fragment>
        </NaturalLanguageWording>
      </Modifier>
      <Modifier id="52">
        <Representation>
          <Label xml:lang="en">greenish</Label>
          <Label xml:lang="de">grünlich</Label>
        </Representation>
        <NaturalLanguageWording>
          <Fragment xml:lang="en" role="before">greenish-</Fragment>
          <Fragment xml:lang="de" role="before">grünlich-</Fragment>
        </NaturalLanguageWording>
      </Modifier>
      <Modifier id="53">
        <Representation>
          <Label xml:lang="en">dark</Label>
          <Label xml:lang="de">dunkel</Label>
        </Representation>
        <NaturalLanguageWording>
          <Fragment xml:lang="en" role="before">dark-</Fragment>
          <Fragment xml:lang="de" role="before">dunkel</Fragment>
        </NaturalLanguageWording>
      </Modifier>
      <Modifier id="54">
        <Representation>
          <Label xml:lang="en">dark reddish</Label>
        </Representation>
      </Modifier>
    </Modifiers>
  </ReferableDefinitions>
</Concept>
<Concept id="55">
  <Representation>
    <Label>Other modifiers</Label>
  </Representation>
  <ReferableDefinitions>
    <Modifiers>
      <Modifier id="55">
        <Representation>
          <Label xml:lang="en">shallowly</Label>
          <Label xml:lang="de">flach</Label>
          <Label xml:lang="en" role="abbrev">shall.</Label>
        </Representation>
        <NaturalLanguageWording>
          <Fragment xml:lang="en" role="before">shallowly </Fragment>
          <Fragment xml:lang="de" role="before">flach </Fragment>
        </NaturalLanguageWording>
      </Modifier>
      <Modifier id="56">
        <Representation>
          <Label xml:lang="en">weakly</Label>
        </Representation>
      </Modifier>
      <Modifier id="57">
        <Representation>
          <Label xml:lang="en">(when mature)</Label>
        </Representation>
        <Annotation>Note that this has a wording AFTER the state (and none before). It is also possible to define both one before and after the state.</Annotation>
        <NaturalLanguageWording>
          <Fragment xml:lang="en" role="after"> (when mature)</Fragment>
          <Fragment xml:lang="de" role="after"> (wenn reif)</Fragment>
        </NaturalLanguageWording>
      </Modifier>
    </Modifiers>
  </ReferableDefinitions>
</Concept>