<?xml version="1.0" encoding="UTF-8"?>
<Datasets xmlns:xsi="http://www.w3.org/2001/XMLSchema-instance" xmlns="http://www.tdwg.org/2004/UBIF" xsi:schemaLocation="http://www.tdwg.org/2004/UBIF UBIF.xsd http://www.tdwg.org/2004/SDD SDD.xsd">
  <!-- This is an example for a minimal SDD file, representing a single description with a single character 
Intended for version="SDD 0.91.0xx" (currently beta 22).   -->
  <Dataset>
    <Derivation datetime="2004-05-03T10:00:00">
      <Generator name="n/a, handcrafted instance document" version="1"/>
      <Transformations>
        <Action addition="0" removal="0" normalization="0"/>
      </Transformations>
    </Derivation>
    <SourceMetadata>
      <Description>
        <Representation language="en">
          <Title>The Genus Viola</Title>
        </Representation>
      </Description>
      <RevisionData>
        <Creators>
          <AgentRole role="aut">
            <Agent ref="1"/>
          </AgentRole>
        </Creators>
        <LastRevisionDate>2004-05-03T00:00:00</LastRevisionDate>
      </RevisionData>
      <IPRStatements>
        <Representation language="en">
          <Copyright>
            <ShortText>(c) 2003 Centre for Occasional Botany</ShortText>
          </Copyright>
        </Representation>
      </IPRStatements>
    </SourceMetadata>
    <ExternalDataInterface>
      <ClassNames>
        <ClassName key="1">
          <Label>
            <Representation language="en">
              <Text>Viola hederacea Labill.</Text>
            </Representation>
          </Label>
          <CustomExtensions>
            <CustomExtension name="x">
              <xx:Data/>
            </CustomExtension>
          </CustomExtensions>
        </ClassName>
      </ClassNames>
      <Agents>
        <Agent key="1">
          <Label>
            <Representation language="en">
              <Text>Kevin Thiele</Text>
            </Representation>
          </Label>
        </Agent>
      </Agents>
    </ExternalDataInterface>
    <DescriptiveData xmlns="http://www.tdwg.org/2004/SDD">
      <ConfigurationData>
        <PresentationDefaults>
          <Audience audience="en"/>
        </PresentationDefaults>
      </ConfigurationData>
      <GeneralDeclarations>
        <Audiences>
          <Audience audiencekey="en">
            <Label>
              <Text>English</Text>
              <Description>English vocabulary (undefined expertise level of audience)</Description>
            </Label>
            <Specification>
              <Language>en</Language>
              <ExpertiseLevel>0</ExpertiseLevel>
            </Specification>
          </Audience>
        </Audiences>
      </GeneralDeclarations>
      <Terminology>
        <Characters>
          <Character key="1">
            <Label>
              <Representation audience="en">
                <Text>Leaf complexity</Text>
              </Representation>
            </Label>
            <CustomExtensions>
              <CustomExtension name="x">
                <xx:Data/>
              </CustomExtension>
            </CustomExtensions>
            <Categorical>
              <States>
                <StateDefinition key="1">
                  <Label>
                    <Representation audience="en">
                      <Text>Simple</Text>
                    </Representation>
                  </Label>
                </StateDefinition>
                <StateDefinition key="2">
                  <Label>
                    <Representation audience="en">
                      <Text>Compound</Text>
                    </Representation>
                  </Label>
                </StateDefinition>
              </States>
            </Categorical>
            <Assumptions>
              <MeasurementScale>nominal</MeasurementScale>
            </Assumptions>
          </Character>
        </Characters>
      </Terminology>
      <CodedDescriptions>
        <CodedDescription key="101">
          <Header>
            <ClassName ref="1"/>
          </Header>
          <CodedData>
            <Character ref="1">
              <State ref="1"/>
            </Character>
          </CodedData>
        </CodedDescription>
      </CodedDescriptions>
    </DescriptiveData>
  </Dataset>
</Datasets>
