<?xml version="1.0" encoding="UTF-8"?><!-- edited with XMLSPY v2004 rel. 3 U (http://www.xmlspy.com) by Robert Morris (UMASS Boston CSLabs) --><ProjectDefinition>	<GloballyUniqueName>http://www.cs.umb.edu/efg</GloballyUniqueName>	<Description>		<Representation audience="en5">			<Title>Electronic Field Guide</Title>			<DescriptionText>A digital field guide</DescriptionText>			<WebAddress>http://efg.cs.umb.edu:8080/efgKeys</WebAddress>		</Representation>	</Description>	<Version>		<Major>1</Major>	</Version>	<RevisionData>		<Authors>			<Agent ref="1" FirstContributionDate="2001-01-01T00:00:00Z" LastContributionDate="2003-12-01T15:35:00Z"/>		</Authors>		<InitiationDate>2001-12-17T09:30:47-05:00</InitiationDate>		<LastRevisionDate>2001-12-17T09:30:47-05:00</LastRevisionDate>		<RevisionStatus>Unrevised</RevisionStatus>	</RevisionData>	<IPRStatements/></ProjectDefinition>