<?xml version="1.0" encoding="UTF-8"?><!-- edited with XMLSPY v2004 rel. 2 U (http://www.xmlspy.com) by UMASS Boston CSLabs (UMASS Boston CSLabs) --><!----><TransformationHistory>	<Transformation datetime="2004-01-18T10:00:00">			<Actions>					<Query uri="http://efg.cs.umb.edu/efg"/>					<ActionsOnEntireObjects>						<Action kindofchange="None"/>					</ActionsOnEntireObjects>					<ActionsWithinObjects>						<Action kindofchange="None"/>					</ActionsWithinObjects>				</Actions>		<Generator>			<Name>Generated using UMB-EFG EFG2SDD software</Name>			<Version>0.2</Version>		</Generator>		<TechnicalContact>			<Organisation>				<OrganisationName Language="en-us">University of Massachusetts,Boston</OrganisationName>			</Organisation>			<Person>				<PersonName>Jacob K. Asiedu</PersonName>			</Person>			<Role Language="en-us">Research Assistant</Role>				<EmailAddresses>				<EmailAddress PreferredFlag="false">kasiedu@cs.umb.edu</EmailAddress>			</EmailAddresses>			<URLs>				<URL PreferredFlag="false">http://www.cs.umb.edu/efg</URL>			</URLs>		</TechnicalContact>		<AdministrativeContact>			<Organisation>				<OrganisationName Language="en-us">University of Massachusetts,Boston</OrganisationName>			</Organisation>			<Person>				<PersonName>Robert A. Morris</PersonName>			</Person>			<Role Language="en-us">Professor</Role>				<EmailAddresses>				<EmailAddress PreferredFlag="false">ram@cs.umb.edu</EmailAddress>			</EmailAddresses>			<URLs>				<URL PreferredFlag="false">http://www.cs.umb.edu/efg</URL>			</URLs>		</AdministrativeContact>	</Transformation></TransformationHistory>