<?xml version="1.0" encoding="UTF-8"?><NameRecord xmlns:xsi="http://www.w3.org/2001/XMLSchema-instance" xsi:noNamespaceSchemaLocation="linnaeancore_02c.xsd">	<Label>Caesia R.Br.</Label>	<NameRecordId type="Human Resolvable" id="IpniCitation 24085-1 version 1.1.2.1"	/>	<CanonicalName>		<Monomial>Caesia</Monomial>	</CanonicalName>		<CanonicalAuthorship>		<Text>R.Br.</Text>		<Atomized AuthorRelationship="Primary">			<AuthorsAsText>R.Br.</AuthorsAsText>			<Author>				<AuthorName>R.Br.</AuthorName>				<AuthorId type="Human Resolvable" id="Ipni Author 1192-1"/>			</Author>		</Atomized>		</CanonicalAuthorship>	<Rank code="gen"/>	<Nomenclature>		<NomenclaturalCode>Botanical</NomenclaturalCode>		<NomenclaturalStatus>Accepted</NomenclaturalStatus>	</Nomenclature></NameRecord>