<?xml version="1.0" encoding="UTF-8"?><NameRecord xmlns:xsi="http://www.w3.org/2001/XMLSchema-instance" xsi:noNamespaceSchemaLocation="linnaeancore_02c.xsd">	<Label>Caesia Vell.</Label>	<NameRecordId type="Human Resolvable" id="IpniCitation 33417-1 version 1.1"	/>	<CanonicalName>		<Monomial>Caesia</Monomial>	</CanonicalName>		<CanonicalAuthorship>		<Text>Vell.</Text>	</CanonicalAuthorship>	<Rank code="gen"/>	<Nomenclature>		<NomenclaturalCode>Botanical</NomenclaturalCode>		<NomenclaturalStatus>Accepted</NomenclaturalStatus>	</Nomenclature></NameRecord>