<?xml version="1.0" encoding="UTF-8"?>
<NameRecord xmlns:xsi="http://www.w3.org/2001/XMLSchema-instance" xsi:noNamespaceSchemaLocation="linnaeancore_02c.xsd">
	<Label>x Carruanthophyllum G.D.Rowley</Label>
	<NameRecordId type="Human Resolvable" id="IpniCitation 892991-1 version 1.1"/>
	<CanonicalName>
		<Monomial>Carruanthophyllum</Monomial>
		<IsHybrid>true</IsHybrid>
	</CanonicalName>
	<CanonicalAuthorship>
		<Text>G.D.Rowley</Text>
	</CanonicalAuthorship>
	<Rank code="gen"/>
	<AuthorsTaxonOrthograpy>Carruanthophyllum</AuthorsTaxonOrthograpy>
	<Nomenclature>
		<NomenclaturalCode>Botanical</NomenclaturalCode>
		<NomenclaturalStatus>Accepted</NomenclaturalStatus>
	</Nomenclature>
</NameRecord>
