<?xml version="1.0" encoding="UTF-8"?><NameRecord xmlns:xsi="http://www.w3.org/2001/XMLSchema-instance" xsi:noNamespaceSchemaLocation="linnaeancore_02c.xsd">	<Label>Caesia sect. Crinagrostis F.Muell.</Label>	<NameRecordId type="Human Resolvable" id="IpniCitation 117442-3 version 1.1"	/>	<CanonicalName>	 <Binomial>			<Genus>				<FullName>Caesia</FullName>				<LinkId type="Human Resolvable" id="IpniCitation 24085-1 version 1.1.2.1"/>				</Genus>			<InfraGenericEpithet>Crinagrostis</InfraGenericEpithet>		</Binomial>		</CanonicalName>		<CanonicalAuthorship>		<Text>F.Muell.</Text>		<Atomized AuthorRelationship="Primary">			<AuthorsAsText>F.Muell.</AuthorsAsText>		</Atomized>		</CanonicalAuthorship>	<Rank code="sect"/>	<Nomenclature>		<NomenclaturalCode>Botanical</NomenclaturalCode>		<NomenclaturalStatus>Accepted</NomenclaturalStatus>	</Nomenclature></NameRecord>