<?xml version="1.0" encoding="UTF-8"?><NameRecord xmlns:xsi="http://www.w3.org/2001/XMLSchema-instance" xsi:noNamespaceSchemaLocation="linnaeancore_02c.xsd">	<Label>Caesia spinosa Vell.</Label>	<NameRecordId type="Human Resolvable" id="IpniCitation 40138-2 version 1.1"	/>	<CanonicalName>	 <Binomial>			<Genus>				<FullName>Caesia Vell.</FullName>			</Genus>			<SpecificEpithet>spinosa</SpecificEpithet>		</Binomial>		</CanonicalName>		<CanonicalAuthorship>		<Text>Vell.</Text>		<Atomized AuthorRelationship="Primary">			<AuthorsAsText>Vell.</AuthorsAsText>		</Atomized>		</CanonicalAuthorship>	<Rank code="sp"/>	<Nomenclature>		<NomenclaturalCode>Botanical</NomenclaturalCode>		<NomenclaturalStatus>Accepted</NomenclaturalStatus>	</Nomenclature></NameRecord>