<?xml version="1.0" encoding="UTF-8"?><NameRecord xmlns:xsi="http://www.w3.org/2001/XMLSchema-instance" xsi:noNamespaceSchemaLocation="linnaeancore_02c.xsd">	<Label>Caesia spiralis Endl.</Label>	<NameRecordId type="Human Resolvable" id="IpniCitation 117967-3 version 1.1"	/>	<CanonicalName>	 <Binomial>			<Genus>				<FullName>Caesia</FullName>				<LinkId type="Human Resolvable" id="IpniCitation 24085-1 version 1.1.2.1"/>				</Genus>			<SpecificEpithet>spiralis</SpecificEpithet>		</Binomial>		</CanonicalName>		<CanonicalAuthorship>		<Text>Endl.</Text>		<Atomized AuthorRelationship="Primary">			<AuthorsAsText>Endl.</AuthorsAsText>		</Atomized>		</CanonicalAuthorship>	<Rank code="sp"/>	<Nomenclature>		<NomenclaturalCode>Botanical</NomenclaturalCode>		<NomenclaturalStatus>Accepted</NomenclaturalStatus>	</Nomenclature></NameRecord>