<?xml version="1.0" encoding="UTF-8"?>
<Datasets xmlns:xsi="http://www.w3.org/2001/XMLSchema-instance" xmlns="http://www.tdwg.org/2004/CDI" xsi:schemaLocation="http://www.tdwg.org/2004/CDI CDI.xsd">
  <!-- At the moment this is not valid. It should be discussed whether to allow multiple payloads (e.g. a combination of description and specimen data in one dataset. My tendency is no - provide two datasets, duplicate the project metadata, and use the proxy objects. The consumer would have to find out that the full data of a proxy are available in another dataset. Although this may seem complicated, I believe it is more normal since proxy would be used within and between different projects the same way. -->
  <Dataset>
    <Derivation datetime="2004-05-03T10:00:00">
      <Transformations>
        <OnPublicObjects>
          <Action kindofchange="None"/>
        </OnPublicObjects>
        <WithinPublicObjects>
          <Action kindofchange="None"/>
        </WithinPublicObjects>
      </Transformations>
      <Generator name="n/a, handcrafted instance document" version="1"/>
    </Derivation>
    <ProjectMetadata>
      <Description>
        <Representation language="en">
          <Title>Testing the CDI</Title>
        </Representation>
      </Description>
      <RevisionData>
        <Creators>
          <Agents role="aut">
          <Agent ref="1"/>
          </Agents>
        </Creators>
        <LastRevisionDate>2004-05-31T00:00:00</LastRevisionDate>
      </RevisionData>
      <IPRStatements>
        <Representation language="en">
          <Copyright>
            <ShortText>(c) 2004 Taxonomic databases working group</ShortText>
          </Copyright>
        </Representation>
      </IPRStatements>
    </ProjectMetadata>
    <ExternalDataInterface>
      <Agents>
        <Agent key="1">
          <Label>
            <Representation language="en">
              <Text>Gregor Hagedorn</Text>
            </Representation>
          </Label>
        </Agent>
      </Agents>
    </ExternalDataInterface>
    <DummyData xmlns="http://www.tdwg.org/2004/CDI_Dummy" xsi:schemaLocation="http://www.tdwg.org/2004/CDI_Dummy CDI_Dummy.xsd">Dummy content to test the fundamental function of CDI </DummyData>
    <DummyData xmlns="http://www.tdwg.org/2004/CDI_Dummy" xsi:schemaLocation="http://www.tdwg.org/2004/CDI_Dummy CDI_Dummy.xsd">Dummy content to test the fundamental function of CDI </DummyData>
  </Dataset>
</Datasets>
