<?xml version="1.0" encoding="UTF-8"?>
<Datasets xmlns:xsi="http://www.w3.org/2001/XMLSchema-instance" xmlns="http://www.tdwg.org/2004/CDI" xsi:schemaLocation="http://www.tdwg.org/2004/CDI CDI.xsd">
  <!-- Test file using dummy schema 'CDI_Dummy' to tests the functioning of the Common Data Infrastructure (CDI) itself. It uses a relatively minimal set of elements of the CDI and adds a DummyData element at the end. Instead of the namespace reference to CDI_Dummy and the DummyData element, you could use your own schema in combination with CDI. -->
  <Dataset>
    <Derivation datetime="2004-05-03T10:00:00">
      <Transformations>
        <OnPublicObjects>
          <Action kindofchange="None"/>
        </OnPublicObjects>
        <WithinPublicObjects>
          <Action kindofchange="None"/>
        </WithinPublicObjects>
      </Transformations>
      <Generator name="n/a, handcrafted instance document" version="1"/>
    </Derivation>
    <ProjectMetadata>
      <Description>
        <Representation language="en">
          <Title>Testing the CDI</Title>
        </Representation>
      </Description>
      <RevisionData>
        <Creators>
          <Agents role="aut">
          <Agent ref="1"/>
          </Agents>
        </Creators>
        <LastRevisionDate>2004-05-31T00:00:00</LastRevisionDate>
      </RevisionData>
      <IPRStatements>
        <Representation language="en">
          <Copyright>
            <ShortText>(c) 2004 Taxonomic databases working group</ShortText>
          </Copyright>
        </Representation>
      </IPRStatements>
    </ProjectMetadata>
    <ExternalDataInterface>
      <Agents>
        <Agent key="1">
          <Label>
            <Representation language="-">
              <Text>Gregor Hagedorn</Text>
            </Representation>
          </Label>
        </Agent>
      </Agents>
    </ExternalDataInterface>
    <DummyData xmlns="http://www.tdwg.org/2004/CDI_Dummy" xsi:schemaLocation="http://www.tdwg.org/2004/CDI_Dummy CDI_Dummy.xsd">Dummy content to test the fundamental function of CDI </DummyData>
  </Dataset>
</Datasets>
