<?xml version="1.0" encoding="UTF-8"?>
<Datasets xmlns:xsi="http://www.w3.org/2001/XMLSchema-instance" xmlns="http://www.tdwg.org/2004/CDI" xmlns:s="http://www.tdwg.org/2004/SDD" xsi:schemaLocation="http://www.tdwg.org/2004/CDI CDI.xsd http://www.tdwg.org/2004/SDD SDD.xsd">
  <!-- This is an example for a minimal SDD file, representing a single description with a single character 
Intended for version="SDD 0.91.0xx" (currently beta 18).   -->
  <!-- change SDD.xsd to http://160.45.63.11/Projects/TDWG-SDD/Schema/091/SDD.xsd -->
  <Dataset>
    <Derivation datetime="2004-05-03T10:00:00">
      <Transformations>
        <OnPublicObjects>
          <Action kindofchange="None"/>
        </OnPublicObjects>
        <WithinPublicObjects>
          <Action kindofchange="None"/>
        </WithinPublicObjects>
      </Transformations>
      <Generator name="n/a, handcrafted instance document" version="1"/>
    </Derivation>
    <ProjectMetadata>
      <Description>
        <Representation language="en">
          <Title>The Genus Viola</Title>
        </Representation>
      </Description>
      <RevisionData>
        <Creators>
          <Agents role="aut">
            <Agent ref="1"/>
          </Agents>
        </Creators>
        <LastRevisionDate>2004-05-03T00:00:00</LastRevisionDate>
      </RevisionData>
      <IPRStatements>
        <Representation language="en">
          <Copyright>
            <ShortText>(c) 2003 Centre for Occasional Botany</ShortText>
          </Copyright>
        </Representation>
      </IPRStatements>
    </ProjectMetadata>
    <ExternalDataInterface>
      <ClassNames>
        <ClassName key="1">
          <Label>
            <Representation language="en">
              <Text>Viola hederacea Labill.</Text>
            </Representation>
          </Label>
        </ClassName>
      </ClassNames>
      <Agents>
        <Agent key="1">
          <Label>
            <Representation language="en">
              <Text>Kevin Thiele</Text>
            </Representation>
          </Label>
        </Agent>
      </Agents>
    </ExternalDataInterface>
    <s:DescriptiveData>
      <!-- Everything inside DescriptiveData should come from the SDD.xsd schema I believe I have defined a namespace and schema location above, but still no validation occurs. Why is this so? -->
      <!-- Below is an example with explicit ns prefix, which should be correct:-->
      <s:ConfigurationData>
        <s:PresentationDefaults><s:Audience audience="en"/></s:PresentationDefaults>
      </s:ConfigurationData>
      <!-- However, you can actually make any junk statement as well:-->
      <s:xxx>
          <s:yyy/>
      </s:xxx>
      <!-- The rest is without a ns prefix, since originally I planned to redefine the default ns on the DescriptiveData element, i.e. instead of the above start with:
<DescriptiveData xmlns="http://www.tdwg.org/2004/SDD">
    <ConfigurationData>
      <PresentationDefaults><Audience audience="en"/></PresentationDefaults>
    </ConfigurationData>
-->

      <GeneralDeclarations>
        <Audiences>
          <Audience audiencekey="en">
            <Label>
              <Text>English</Text>
              <Description>English vocabulary (undefined expertise level of audience)</Description>
            </Label>
            <Specification>
              <Language>en</Language>
              <ExpertiseLevel>0</ExpertiseLevel>
            </Specification>
          </Audience>
        </Audiences>
      </GeneralDeclarations>
      <Terminology>
        <Characters>
          <Character key="1">
            <Label>
              <Representation audience="en">
                <Text>Leaf complexity</Text>
              </Representation>
            </Label>
            <Categorical>
              <States>
                <StateDefinition key="1">
                  <Label>
                    <Representation audience="en">
                      <Text>Simple</Text>
                    </Representation>
                  </Label>
                </StateDefinition>
                <StateDefinition key="2">
                  <Label>
                    <Representation audience="en">
                      <Text>Compound</Text>
                    </Representation>
                  </Label>
                </StateDefinition>
              </States>
            </Categorical>
            <Assumptions>
              <MeasurementScale>nominal</MeasurementScale>
            </Assumptions>
          </Character>
        </Characters>
      </Terminology>
      <CodedDescriptions>
        <CodedDescription key="101">
          <Header>
            <ClassName ref="1"/>
          </Header>
          <CodedData>
            <Character ref="1">
              <State ref="1"/>
            </Character>
          </CodedData>
        </CodedDescription>
      </CodedDescriptions>
    </s:DescriptiveData>
  </Dataset>
</Datasets>
