<?xml version="1.0" encoding="UTF-8"?>
<Datasets xmlns:xsi="http://www.w3.org/2001/XMLSchema-instance" xmlns="http://www.tdwg.org/2004/CDI" xsi:schemaLocation="http://www.tdwg.org/2004/CDI SDD_for_XID.xsd" xmlns:xid="http://www.mbl.edu/2004/XID">
  <!-- Note: I did change both the SDD and the common CDI schema to include an 
<xs:anyAttribute namespace="##other"/>
in some locations. We may want to do that in the base version, but we would need some arguments. We don't want to do it everywhere, because one goal of SDD is to transparently pass extension data on to another provider/consumer. This works fine with the CustomsExtensions element collection, see below used for header data. However, to simplify your use of SDD-like schema, I have modified and allow for attributes.
-->
  <Dataset>
    <Derivation datetime="2004-05-03T10:00:00">
      <Transformations>
        <OnPublicObjects>
          <Action kindofchange="None"/>
        </OnPublicObjects>
        <WithinPublicObjects>
          <Action kindofchange="None"/>
        </WithinPublicObjects>
      </Transformations>
      <Generator name="n/a, handcrafted instance document" version="1"/>
    </Derivation>
    <ProjectMetadata>
      <Description>
        <Representation language="en">
          <Title>@@I think this is an item you may want to use in the xslt to have the title of the current key</Title>
        </Representation>
      </Description>
      <RevisionData>
        <Creators>
          <Agents role="aut">
            <Agent ref="1"/>
          </Agents>
        </Creators>
        <LastRevisionDate>2004-05-03T00:00:00</LastRevisionDate>
      </RevisionData>
      <IPRStatements>
        <Representation language="en">
          <Copyright>
            <ShortText>(c) 2004 your organisation or the owner of the key data</ShortText>
          </Copyright>
        </Representation>
      </IPRStatements>
    </ProjectMetadata>
    <ExternalDataInterface>
      <ClassNames>
        <ClassName xid:image="I" key="1" xid:remain="Y">
          <Label>
            <Representation language="en" xid:source="local">
              <Text>Bluefin Tuna</Text>
            </Representation>
          </Label>
        </ClassName>
        <ClassName xid:image="I" key="2" xid:remain="Y">
          <Label>
            <Representation language="en" xid:source="local">
              <Text>Yellowfin Tuna</Text>
            </Representation>
          </Label>
        </ClassName>
        <ClassName xid:image="I" key="3" xid:remain="Y">
          <Label>
            <Representation language="en" xid:source="local">
              <Text>Bigeye Tuna</Text>
            </Representation>
          </Label>
        </ClassName>
        <ClassName xid:image="I" key="4" xid:remain="Y">
          <Label>
            <Representation language="en" xid:source="local">
              <Text>Albacore</Text>
            </Representation>
          </Label>
        </ClassName>
        <ClassName xid:image="I" key="5" xid:remain="Y">
          <Label>
            <Representation language="en" xid:source="local">
              <Text>Bonito</Text>
            </Representation>
          </Label>
        </ClassName>
        <ClassName xid:image="I" key="6" xid:remain="Y">
          <Label>
            <Representation language="en" xid:source="local">
              <Text>Skipjack Tuna</Text>
            </Representation>
          </Label>
        </ClassName>
        <ClassName xid:image="I" key="7" xid:remain="Y">
          <Label>
            <Representation language="en" xid:source="local">
              <Text>Blackfin Tuna</Text>
            </Representation>
          </Label>
        </ClassName>
        <ClassName xid:image="I" key="8" xid:remain="Y">
          <Label>
            <Representation language="en" xid:source="local">
              <Text>Little Tunny</Text>
            </Representation>
          </Label>
        </ClassName>
      </ClassNames>
      <Agents>
        <Agent key="1">
          <Label>
            <Representation language="en">
              <Text>Kevin Thiele</Text>
            </Representation>
          </Label>
        </Agent>
      </Agents>
    </ExternalDataInterface>
    <DescriptiveData xmlns="http://www.tdwg.org/2004/SDD" xsi:schemaLocation="http://www.tdwg.org/2004/SDD SDD_for_XID.xsd">
      <ConfigurationData>
        <PresentationDefaults>
          <Audience audience="en"/>
        </PresentationDefaults>
        <CustomExtensions>
          <CustomExtension name="X:ID">
            <!-- @@@ not sure you need these, but not that SDD does provide for application extensibility. I placed this here in a project-scoped extension, but most keyed objects have extension, and if not it is probably an error, so do contact me. -->
            <Func>expandadd</Func>
            <User_selection/>
          </CustomExtension>
        </CustomExtensions>
      </ConfigurationData>
      <GeneralDeclarations>
        <Audiences>
          <Audience audiencekey="en">
            <Label>
              <Text>English</Text>
              <Description>English vocabulary (undefined expertise level of audience)</Description>
            </Label>
            <Specification>
              <Language>en</Language>
              <ExpertiseLevel>0</ExpertiseLevel>
            </Specification>
          </Audience>
        </Audiences>
      </GeneralDeclarations>
      <Terminology>
        <Characters>
          <Character key="1">
            <Label>
              <Representation audience="en">
                <Text>Leaf complexity</Text>
              </Representation>
            </Label>
            <Categorical>
              <States>
                <StateDefinition key="1">
                  <Label>
                    <Representation audience="en">
                      <Text>Simple</Text>
                    </Representation>
                  </Label>
                </StateDefinition>
                <StateDefinition key="2">
                  <Label>
                    <Representation audience="en">
                      <Text>Compound</Text>
                    </Representation>
                  </Label>
                </StateDefinition>
              </States>
            </Categorical>
          </Character>
          <Character key="1" xid:isopen="O" xid:image="F" xid:depends="F">
            <Label>
              <Representation audience="en">
                <Text>Gill rakers on first gill arch</Text>
              </Representation>
            </Label>
            <Categorical>
              <States>
                <StateDefinition key="1" test="" xid:isopen="F" xid:last="L" xid:image="F" xid:metric="M">
                  <Label>
                    <Representation audience="en">
                      <Text>Number of rakers</Text>
                    </Representation>
                  </Label>
                </StateDefinition>
              </States>
            </Categorical>
          </Character>
          <!-- I only changed the first character, here is the rest from your original file:			
			<Character key="2" isopen="F" image="F" depends="F">
				<Label>
					<Representation audience="en5">
						<Text>Markings on lower body</Text>
					</Representation>
				</Label>
				<Categorical>
					<States>
						<StateDefinition key="2" isopen="F" last="F" image="F" metric="F">
							<Label>
								<Representation audience="en5">
									<Text>Gray spots and bands, sometimes resembling tree bark</Text>
								</Representation>
							</Label>
						</StateDefinition>
						<StateDefinition key="3" isopen="F" last="F" image="F" metric="F">
							<Label>
								<Representation audience="en5">
									<Text>Chains (20+) of white streaks and spots</Text>
								</Representation>
							</Label>
						</StateDefinition>
						<StateDefinition key="4" isopen="F" last="F" image="F" metric="F">
							<Label>
								<Representation audience="en5">
									<Text>No markings</Text>
								</Representation>
							</Label>
						</StateDefinition>
						<StateDefinition key="5" isopen="F" last="F" image="F" metric="F">
							<Label>
								<Representation audience="en5">
									<Text>4-6 dark longitudinal stripes on belly</Text>
								</Representation>
							</Label>
						</StateDefinition>
						<StateDefinition key="6" isopen="F" last="F" image="F" metric="F">
							<Label>
								<Representation audience="en5">
									<Text>Alternating bars and spots, light in color</Text>
								</Representation>
							</Label>
						</StateDefinition>
						<StateDefinition key="7" isopen="F" last="L" image="F" metric="F">
							<Label>
								<Representation audience="en5">
									<Text>Chest spots</Text>
								</Representation>
							</Label>
						</StateDefinition>
					</States>
				</Categorical>
			</Character>
			<Character key="3" isopen="O" image="F" depends="F">
				<Label>
					<Representation audience="en5">
						<Text>Markings on upper body</Text>
					</Representation>
				</Label>
				<Categorical>
					<States>
						<StateDefinition key="8" isopen="F" last="F" image="F" metric="F">
							<Label>
								<Representation audience="en5">
									<Text>No markings</Text>
								</Representation>
							</Label>
						</StateDefinition>
						<StateDefinition key="9" isopen="F" last="F" image="F" metric="F">
							<Label>
								<Representation audience="en5">
									<Text>Yellow gold band on sides, fading at death</Text>
								</Representation>
							</Label>
						</StateDefinition>
						<StateDefinition key="10" isopen="F" last="F" image="F" metric="F">
							<Label>
								<Representation audience="en5">
									<Text>Oblique dark stripes, seven or more, straight, not wavy</Text>
								</Representation>
							</Label>
						</StateDefinition>
						<StateDefinition key="11" isopen="F" last="L" image="F" metric="F">
							<Label>
								<Representation audience="en5">
									<Text>Wavy lines on back, not straight</Text>
								</Representation>
							</Label>
						</StateDefinition>
					</States>
				</Categorical>
			</Character>
			<Character key="4" isopen="F" image="F" depends="F">
				<Label>
					<Representation audience="en5">
						<Text>Trailing edge of caudal fin</Text>
					</Representation>
				</Label>
				<Categorical>
					<States>
						<StateDefinition key="12" isopen="F" last="F" image="F" metric="F">
							<Label>
								<Representation audience="en5">
									<Text>white</Text>
								</Representation>
							</Label>
						</StateDefinition>
						<StateDefinition key="13" isopen="F" last="L" image="F" metric="F">
							<Label>
								<Representation audience="en5">
									<Text>not white</Text>
								</Representation>
							</Label>
						</StateDefinition>
					</States>
				</Categorical>
			</Character>
			<Character key="5" isopen="F" image="F" depends="F">
				<Label>
					<Representation audience="en5">
						<Text>Bottom surface of liver</Text>
					</Representation>
				</Label>
				<Categorical>
					<States>
						<StateDefinition key="14" isopen="F" last="F" image="F" metric="F">
							<Label>
								<Representation audience="en5">
									<Text>Striated</Text>
								</Representation>
							</Label>
						</StateDefinition>
						<StateDefinition key="15" isopen="F" last="F" image="F" metric="F">
							<Label>
								<Representation audience="en5">
									<Text>No striations</Text>
								</Representation>
							</Label>
						</StateDefinition>
						<StateDefinition key="16" isopen="F" last="L" image="F" metric="F">
							<Label>
								<Representation audience="en5">
									<Text>Striated margin</Text>
								</Representation>
							</Label>
						</StateDefinition>
					</States>
				</Categorical>
			</Character>
			<Character key="6" isopen="F" image="F" depends="F">
				<Label>
					<Representation audience="en5">
						<Text>Pectoral fin length</Text>
					</Representation>
				</Label>
				<Categorical>
					<States>
						<StateDefinition key="17" isopen="F" last="F" image="F" metric="F">
							<Label>
								<Representation audience="en5">
									<Text>Very short, does not reach origin of second dorsal fin</Text>
								</Representation>
							</Label>
						</StateDefinition>
						<StateDefinition key="18" isopen="F" last="F" image="F" metric="F">
							<Label>
								<Representation audience="en5">
									<Text>Extends beyond second dorsal</Text>
								</Representation>
							</Label>
						</StateDefinition>
						<StateDefinition key="19" isopen="F" last="F" image="F" metric="F">
							<Label>
								<Representation audience="en5">
									<Text>Reaches origin of second dorsal</Text>
								</Representation>
							</Label>
						</StateDefinition>
						<StateDefinition key="20" isopen="F" last="L" image="F" metric="F">
							<Label>
								<Representation audience="en5">
									<Text>Very short and broad</Text>
								</Representation>
							</Label>
						</StateDefinition>
					</States>
				</Categorical>
			</Character>
			<Character key="7" isopen="F" image="F" depends="F">
				<Label>
					<Representation audience="en5">
						<Text>Finlets</Text>
					</Representation>
				</Label>
				<Categorical>
					<States>
						<StateDefinition key="21" isopen="F" last="F" image="F" metric="F">
							<Label>
								<Representation audience="en5">
									<Text>Yellow with a narrow black margin</Text>
								</Representation>
							</Label>
						</StateDefinition>
						<StateDefinition key="22" isopen="F" last="F" image="F" metric="F">
							<Label>
								<Representation audience="en5">
									<Text>Dorsal: yellow; Ventral: silver or dusky</Text>
								</Representation>
							</Label>
						</StateDefinition>
						<StateDefinition key="23" isopen="F" last="F" image="F" metric="F">
							<Label>
								<Representation audience="en5">
									<Text>Dusky</Text>
								</Representation>
							</Label>
						</StateDefinition>
						<StateDefinition key="24" isopen="F" last="L" image="F" metric="F">
							<Label>
								<Representation audience="en5">
									<Text>Dusky with white margins</Text>
								</Representation>
							</Label>
						</StateDefinition>
					</States>
				</Categorical>
			</Character>
			<Character key="8" isopen="F" image="F" depends="F">
				<Label>
					<Representation audience="en5">
						<Text>Maximum fork length</Text>
					</Representation>
				</Label>
				<Categorical>
					<States>
						<StateDefinition key="25" isopen="F" last="F" image="F" metric="F">
							<Label>
								<Representation audience="en5">
									<Text>Under 40 inches</Text>
								</Representation>
							</Label>
						</StateDefinition>
						<StateDefinition key="26" isopen="F" last="F" image="F" metric="F">
							<Label>
								<Representation audience="en5">
									<Text>40-90 inches</Text>
								</Representation>
							</Label>
						</StateDefinition>
						<StateDefinition key="27" isopen="F" last="L" image="F" metric="F">
							<Label>
								<Representation audience="en5">
									<Text>Over 90 inches</Text>
								</Representation>
							</Label>
						</StateDefinition>
					</States>
				</Categorical>
			</Character>
			<Character key="9" isopen="F" image="F" depends="F">
				<Label>
					<Representation audience="en5">
						<Text>Maximum weight</Text>
					</Representation>
				</Label>
				<Categorical>
					<States>
						<StateDefinition key="28" isopen="F" last="F" image="F" metric="F">
							<Label>
								<Representation audience="en5">
									<Text>Over 20 pounds</Text>
								</Representation>
							</Label>
						</StateDefinition>
						<StateDefinition key="29" isopen="F" last="F" image="F" metric="F">
							<Label>
								<Representation audience="en5">
									<Text>Over 40 pounds</Text>
								</Representation>
							</Label>
						</StateDefinition>
						<StateDefinition key="30" isopen="F" last="F" image="F" metric="F">
							<Label>
								<Representation audience="en5">
									<Text>Over 400 pounds</Text>
								</Representation>
							</Label>
						</StateDefinition>
						<StateDefinition key="31" isopen="F" last="L" image="F" metric="F">
							<Label>
								<Representation audience="en5">
									<Text>Over 500 pounds</Text>
								</Representation>
							</Label>
						</StateDefinition>
					</States>
				</Categorical>
			</Character>
-->
        </Characters>
      </Terminology>
      <!-- this is the data part I am completely missing in your xml files, that is what the identification is based upon after all....
      <CodedDescriptions>
        <CodedDescription key="101">
          <Header>
            <ClassName ref="1"/>
          </Header>
          <CodedData>
            <Character ref="1">
              <State ref="1"/>
            </Character>
          </CodedData>
        </CodedDescription>
      </CodedDescriptions>
-->
    </DescriptiveData>
  </Dataset>
</Datasets>
