<?xml version="1.0" encoding="UTF-8"?>
<!-- edited with XMLSpy v2005 sp2 U (http://www.altova.com) by Robert A. Morris (UMASS Boston CSLabs) -->
<!-- 36,90d35 -->
<!-- major diffs between 1_1b8 and 1_1b9 
Not listed here is the addition of CVS Ids to each file. Easiest view is with Spy in grid view-->
<diffs>
	<xs:element name="__ConfigurationData" minOccurs="0">
		<xs:annotation>
			<xs:documentation xml:lang="en-us">Default settings etc.</xs:documentation>
		</xs:annotation>
		<xs:complexType>
			<xs:sequence>
				<xs:element name="PresentationDefaults">
					<xs:annotation>
						<xs:documentation xml:lang="en-us">Default Audience and Concept tree for interactive identification. If configuration data exist at all, at least the default language should be configured!</xs:documentation>
					</xs:annotation>
					<xs:complexType>
						<xs:sequence>
							<xs:element name="Audience">
								<xs:annotation>
									<xs:documentation xml:lang="en-us">The default language and audience is used whenever the consuming application has no other preference specified. The user interface of the application may start with the default audience representations and then allow to choose a different audience.</xs:documentation>
								</xs:annotation>
								<xs:complexType>
									<xs:complexContent>
										<xs:extension base="AudienceRef">
											<xs:attribute ref="xml:lang" use="required"/>
										</xs:extension>
									</xs:complexContent>
								</xs:complexType>
							</xs:element>
						</xs:sequence>
					</xs:complexType>
				</xs:element>
				<xs:element name="DataInheritance" minOccurs="0">
					<xs:annotation>
						<xs:documentation xml:lang="en-us">If a class hierarchy is present, the hierarchy used for inheriting and aggregating descriptive data in the class hierarchy must be defined.</xs:documentation>
					</xs:annotation>
					<xs:complexType>
						<xs:sequence>
							<xs:element name="TaxonHierarchy" type="TaxonHierarchyRef">
								<xs:annotation>
									<xs:documentation xml:lang="en-us"/>
								</xs:annotation>
							</xs:element>
						</xs:sequence>
					</xs:complexType>
				</xs:element>
				<xs:element name="__LanguageRules" minOccurs="0">
					<xs:annotation>
						<xs:documentation xml:lang="en-us">@@ to be discussed! Uncertain where to place! @@
 For natural language reporting some rules can be defined per language rather than per audience. If a rule for a language used in an audience definition is missing, applications may add a default language rule to the project data.</xs:documentation>
					</xs:annotation>
					<xs:complexType>
						<xs:attribute name="lang"/>
						<xs:attributeGroup ref="language"/>
					</xs:complexType>
				</xs:element>
				<xs:group ref="DeveloperTools" minOccurs="0"/>
			</xs:sequence>
		</xs:complexType>
	</xs:element>
	<!--199,203d143 -->
	<xs:element name="__ColorRangeCharacter" type="__ColorRangeCharacter">
		<xs:annotation>
			<xs:documentation xml:lang="en-us">Non-abstract types derived from AbstractCharacter. In OO programming, a polymorphic collection of the base type may be used! (= in any type above)</xs:documentation>
		</xs:annotation>
	</xs:element>
	<!-- 347,351d286 -->
	<xs:element name="__TaxonomicScope" minOccurs="0">
		<xs:annotation>
			<xs:documentation xml:lang="en-us">@@ Only a placeholder for discussion! Many concept trees, especially those defining structures are specific to taxa! Since taxa are generalized to classes in SDD, this should not be called "TaxonomicScope". However, "ClassScope" seems to be very confusing as well.</xs:documentation>
		</xs:annotation>
	</xs:element>
	<!-- 594,602d528 -->
	<xs:element name="__AnalyzeStatesAsPresentAbsent" type="xs:boolean" minOccurs="0">
		<xs:annotation>
			<xs:documentation xml:lang="en-us">Some characters may have complex states relations (trees) or the homology of multiple state may be unknown. A conservative phylogenetic analysis may want to treat each state as a separate column with a binary coding of presence/absence of a specific state value.
 What would be a good term for this?
 AnalyzeStatesSeparately
 AnalyzeStatesAsPresentAbsent
 TreatStatesAsIndependentVariablesInAnalysis</xs:documentation>
		</xs:annotation>
	</xs:element>
	<!-- 670,718d595 -->
	<xs:element name="__AutocompleteStateSets" minOccurs="0">
		<xs:annotation>
			<xs:documentation xml:lang="en-us">The concept state that may be referenced under States may be freely selected from sets under mutliple concepts. Often, however, it will be desirable to keep sets complete. Specifying concepts here creates a contract which allows any SDD application able to fullfill this contract to add further states, if more concepts states exist at the concept than at the character. Applications modifying concept states are asked to fulfill this contract.</xs:documentation>
		</xs:annotation>
		<xs:complexType>
			<xs:sequence>
				<xs:element name="DescriptiveConcept" type="ConceptRef" maxOccurs="unbounded">
					<xs:annotation>
						<xs:documentation xml:lang="en-us">Reference to a descriptive concept, and, by implication, to the concept states defined therein.</xs:documentation>
					</xs:annotation>
				</xs:element>
			</xs:sequence>
		</xs:complexType>
	</xs:element>
	<xs:element name="__DependencyRules" minOccurs="0">
		<xs:annotation>
			<xs:documentation xml:lang="en-us">Dependency rules define whether in a given description a character may contain data or is expected to be inapplicable. This facilitates data validity checks and advises producers and consumers about expected presence of character data. The states listed in the following rules are controlling states, the controlled characters are all characters referenced at this node or in its subtree. Rules for individual characters (rather than a set) can be defined in the terminal nodes. Rules are always evaluated within a given description.</xs:documentation>
		</xs:annotation>
		<xs:complexType>
			<xs:sequence>
				<xs:element name="DependencyRule" maxOccurs="unbounded">
					<xs:annotation>
						<xs:documentation xml:lang="en-us">Each rule defines a concept, and a controlling state</xs:documentation>
					</xs:annotation>
					<xs:complexType>
						<xs:sequence>
							<xs:element name="Concept" type="ConceptRef">
								<xs:annotation>
									<xs:documentation xml:lang="en-us">In a given description, this concept and all characters depending on this concept (through character trees) change in their applicability if the state below is also present.</xs:documentation>
								</xs:annotation>
							</xs:element>
							<xs:element name="State" type="CharacterStateRef">
								<xs:annotation>
									<xs:documentation xml:lang="en-us"/>
								</xs:annotation>
							</xs:element>
						</xs:sequence>
						<xs:attribute name="type" type="__DependencyRuleTypeEnum">
							<xs:annotation>
								<xs:documentation>OnlyApplicableIf: If at least one state is defined in this rule, in a given description the characters below this concept node are inapplicable unless any of the listed controlling states is present.
 
 InapplicableIf: If at least one state is defined in this rule, in a given description the characters below this concept node are inapplicable when any of the listed controlling states is present.</xs:documentation>
							</xs:annotation>
						</xs:attribute>
					</xs:complexType>
				</xs:element>
			</xs:sequence>
		</xs:complexType>
	</xs:element>
	<!--856,870d732-->
	<xs:element name="__Accuracy" type="StringLtd" minOccurs="0">
		<xs:annotation>
			<xs:documentation xml:lang="en-us">Free-form information about accuracy of measurement?? Accuracy characterizes the how close a measured value is expected to be to the true value. @@ Free-form would mean it is language/audience dependent and can not be included in analysis, i. e. this would be a rather specific internal annotation. Any way to improve this? Ideally a numeric value for the accuracy of measurements would be desirable!</xs:documentation>
		</xs:annotation>
	</xs:element>
	<xs:element name="__Precision" type="StringLtd" minOccurs="0">
		<xs:annotation>
			<xs:documentation xml:lang="en-us">@Free-form information about precision of measurement?? Or value which, by adding/subtracting from value defines an error range? Precision measures how close repeated independent measurements agree with each other (but not necessarily with the true value; compare accuracy). </xs:documentation>
		</xs:annotation>
	</xs:element>
	<xs:element name="__MeasurementMethod" type="StringNonEmpty" minOccurs="0">
		<xs:annotation>
			<xs:documentation xml:lang="en-us">@@ Free-form text? Methods should ideally be defined in glossary entries or the like.</xs:documentation>
		</xs:annotation>
	</xs:element>
	<!-- 968,1027d829 -->
	<xs:complexType name="__ColorRangeCharacter" abstract="false">
		<xs:annotation>
			<xs:documentation xml:lang="en-us"># Derived from AbstractCharacter to be used in instance documents (non-abstract type)</xs:documentation>
		</xs:annotation>
		<xs:complexContent>
			<xs:extension base="AbstractCharacter">
				<xs:sequence>
					<xs:annotation>
						<xs:documentation xml:lang="en-us">Extension of the 
 common character 
 properties with those
 specific to color
 measurements (i.e. 
 color expressed as 
 a color range/area, 
 rather than as
 named categories).</xs:documentation>
					</xs:annotation>
					<xs:element name="Assumptions" minOccurs="0">
						<xs:annotation>
							<xs:documentation xml:lang="en-us">(Not yet used!)</xs:documentation>
						</xs:annotation>
						<xs:complexType>
							<xs:sequence>
								<xs:any namespace="##targetNamespace" processContents="lax" maxOccurs="unbounded"/>
							</xs:sequence>
						</xs:complexType>
					</xs:element>
					<xs:element name="Mappings" minOccurs="0">
						<xs:annotation>
							<xs:documentation xml:lang="en-us">Mappings of color polygon 
 values to categorical states</xs:documentation>
						</xs:annotation>
						<xs:complexType>
							<xs:sequence>
								<xs:element name="Mapping" maxOccurs="unbounded">
									<xs:complexType>
										<xs:sequence>
											<xs:element name="From" type="ColorPolygon">
												<xs:annotation>
													<xs:documentation xml:lang="en-us">An inclusive range defining a color range through color vertices forming a polygon in color space.</xs:documentation>
												</xs:annotation>
											</xs:element>
											<xs:element name="To" type="CharacterStateRef">
												<xs:annotation>
													<xs:documentation xml:lang="en-us">The categorical state corresponding
 to the range defined in From.</xs:documentation>
												</xs:annotation>
											</xs:element>
										</xs:sequence>
									</xs:complexType>
								</xs:element>
							</xs:sequence>
						</xs:complexType>
					</xs:element>
					<xs:group ref="SpecificExtension" minOccurs="0"/>
				</xs:sequence>
			</xs:extension>
		</xs:complexContent>
	</xs:complexType>
	<!-- 1528,1548d1329 -->
	<xs:complexType name="__ColorRangeCharData">
		<xs:annotation>
			<xs:documentation xml:lang="en-us"># Derived from abstract CharSummaryData to be used for numerical (statistical measures) data in instance documents (non-abstract type) </xs:documentation>
		</xs:annotation>
		<xs:complexContent>
			<xs:extension base="CharSummaryData">
				<xs:sequence>
					<xs:group ref="ModifierRefWithDataGroup">
						<xs:annotation>
							<xs:documentation>Modification of the color range values.</xs:documentation>
						</xs:annotation>
					</xs:group>
					<xs:element name="__ColorRange" type="ColorPolygon">
						<xs:annotation>
							<xs:documentation xml:lang="en-us">An inclusive range defining a color range through color vertices forming a polygon in color space. @@ This probably needs attribute colorspace - or fix to the screen range = sRGB?</xs:documentation>
						</xs:annotation>
					</xs:element>
				</xs:sequence>
			</xs:extension>
		</xs:complexContent>
	</xs:complexType>
	<!--1575,1581d1355 -->
	<xs:element name="__IsTemplate" type="xs:boolean" default="false" minOccurs="0">
		<xs:annotation>
			<xs:documentation xml:lang="en-us">Flag for states, which applications may use as a template for new descriptions. Templates may be categorical states or coding status values (but currently not measures). Rules for finding templates: a) For class description (i. e. using Header/TaxonName) find all higher classes (according to TaxonHierarchy) and copy the template states from there. b) For specimen (unit/object) description (Header/Unit) find the TaxonName assigned to the Specimen and copy template states directly from this taxon (@ and higher taxa?).
 It is expected that the scoring is revised by an expert; thus template states may be defined in cases where they apply only to the majority of subclasses. 
 @@Can this perhaps be handled by new kind of CodingStatus instead?@@</xs:documentation>
		</xs:annotation>
	</xs:element>
	<!--1603,1607d1376-->
	<xs:element name="__IsTemplate" type="xs:boolean" default="false" minOccurs="0">
		<xs:annotation>
			<xs:documentation xml:lang="en-us">(Compare discussion in Categorical state data)</xs:documentation>
		</xs:annotation>
	</xs:element>
	<!--1649,1653d1417 -->
	<xs:element name="__ColorRange" type="__ColorRangeCharData">
		<xs:annotation>
			<xs:documentation xml:lang="en-us"/>
		</xs:annotation>
	</xs:element>
	<!--1725,1750d1488 -->
	<xs:complexType name="__ColorRangeSampleData">
		<xs:annotation>
			<xs:documentation xml:lang="en-us"># Derived from abstract CharSampleData to be used for ColorRange data in instance documents (non-abstract type) </xs:documentation>
		</xs:annotation>
		<xs:complexContent>
			<xs:extension base="CharSampleData">
				<xs:sequence>
					<xs:element name="ColorRange" type="ColorPolygon">
						<xs:annotation>
							<xs:documentation xml:lang="en-us">An inclusive range defining a color range through color vertices forming a polygon in color space.</xs:documentation>
						</xs:annotation>
					</xs:element>
					<xs:element name="Note" type="StringLNonEmpty" minOccurs="0" maxOccurs="unbounded">
						<xs:annotation>
							<xs:documentation xml:lang="en-us">Public notes or comments,
 for multiple languages.
 Applications may, e. g.,
 report the text in brackets
 after the value.</xs:documentation>
						</xs:annotation>
					</xs:element>
					<xs:group ref="SpecificExtension" minOccurs="0"/>
				</xs:sequence>
			</xs:extension>
		</xs:complexContent>
	</xs:complexType>
	<!--2193,2200d1930-->
	<xs:complexType name="__DescriptionRef">
		<xs:annotation>
			<xs:documentation xml:lang="en-us">[Currently not used!] Refers to either a natural language or coded description</xs:documentation>
		</xs:annotation>
		<xs:complexContent>
			<xs:extension base="AbstractLocalRef"/>
		</xs:complexContent>
	</xs:complexType>
	<!--2260,2264d1989-->
	<xs:element name="__ColorRange" type="__ColorRangeSampleData">
		<xs:annotation>
			<xs:documentation xml:lang="en-us"/>
		</xs:annotation>
	</xs:element>
	<!--2391d2115-->
	<xs:group ref="__ApplyBoolBodyGroup"/>
	<!--2468,2523d2191-->
	<xs:complexType name="__ApplyBooleanFunction">
		<xs:annotation>
			<xs:documentation xml:lang="en-us">boolean operators,
 modeled after usage in MathML</xs:documentation>
		</xs:annotation>
		<xs:choice>
			<xs:sequence>
				<xs:annotation>
					<xs:documentation xml:lang="en-us">unary boolean function</xs:documentation>
				</xs:annotation>
				<xs:element name="not"/>
				<xs:group ref="__ApplyBoolBodyGroup"/>
			</xs:sequence>
			<xs:sequence>
				<xs:annotation>
					<xs:documentation xml:lang="en-us">n-ary boolean functions</xs:documentation>
				</xs:annotation>
				<xs:choice>
					<xs:element name="and"/>
					<xs:element name="or">
						<xs:annotation>
							<xs:documentation xml:lang="en-us">(inclusive or, 'and/or')</xs:documentation>
						</xs:annotation>
					</xs:element>
					<xs:element name="xor">
						<xs:annotation>
							<xs:documentation xml:lang="en-us">(exclusive or, 'either/or')</xs:documentation>
						</xs:annotation>
					</xs:element>
				</xs:choice>
				<xs:group ref="__ApplyBoolBodyGroup" minOccurs="2" maxOccurs="unbounded"/>
			</xs:sequence>
		</xs:choice>
	</xs:complexType>
	<xs:group name="__ApplyBoolBodyGroup">
		<xs:annotation>
			<xs:documentation xml:lang="en-us">Choice of state, measure, recursion. The 'group' schema model has been used because of different multiplicity of unary and n-ary functions</xs:documentation>
		</xs:annotation>
		<xs:choice>
			<xs:element name="apply" type="__ApplyBooleanFunction">
				<xs:annotation>
					<xs:documentation xml:lang="en-us">apply is a kind of bracket around a function, the (boolean) function is defined by the first element inside. Modeled after MathML2.</xs:documentation>
				</xs:annotation>
			</xs:element>
			<xs:element name="Quant" type="QuantSummaryData">
				<xs:annotation>
					<xs:documentation xml:lang="en-us">... we have to discuss, whether these should be full coded data types (including modifiers) or not</xs:documentation>
				</xs:annotation>
			</xs:element>
			<xs:element name="Cat" type="CatSummaryData">
				<xs:annotation>
					<xs:documentation xml:lang="en-us">States are 'scored' by referring to a state in the character definition. All notes and modifiers are applicable to this element.</xs:documentation>
				</xs:annotation>
			</xs:element>
		</xs:choice>
	</xs:group>
	<!--2704,2720d2371 -->
	<xs:simpleType name="__DependencyRuleTypeEnum">
		<xs:annotation>
			<xs:documentation xml:lang="en-us">Defines the two possible kinds of dependency rules. The two types are convertible for a fixed character/state list, but valuable to distinguish if the terminology evolves.</xs:documentation>
		</xs:annotation>
		<xs:restriction base="xs:NCName">
			<xs:enumeration value="OnlyApplicableIf">
				<xs:annotation>
					<xs:documentation xml:lang="en-us">only applicable if -- If at least one state is defined in this rule, in a given description the characters below this concept node are inapplicable unless any of the listed controlling states is present.</xs:documentation>
				</xs:annotation>
			</xs:enumeration>
			<xs:enumeration value="InapplicableIf">
				<xs:annotation>
					<xs:documentation xml:lang="en-us">inapplicable if -- If at least one state is defined in this rule, in a given description the characters below this concept node are inapplicable when any of the listed controlling states is present.</xs:documentation>
				</xs:annotation>
			</xs:enumeration>
		</xs:restriction>
	</xs:simpleType>
	<!--2892,2920d2542-->
	<xs:complexType name="__NatLangOperatorWording">
		<xs:annotation>
			<xs:documentation xml:lang="en-us">Natural language wording for operators (and, or, with, to, etc.).</xs:documentation>
		</xs:annotation>
		<xs:sequence>
			<xs:element name="Text" type="StringLtd">
				<xs:annotation>
					<xs:documentation xml:lang="en-us">Text used for operator unless the condition in IfNextElement is fulfilled.</xs:documentation>
				</xs:annotation>
			</xs:element>
			<xs:element name="IfNextElement" minOccurs="0">
				<xs:annotation>
					<xs:documentation xml:lang="en-us">Contains 2 attributes, containing blank-separated lists of multiple starting patterns for next element. Example: In Spanish 'y' becomes 'e' if next word starts with 'i' or 'hi', but not 'hie'. Use 'i hi'/'hie' for StartWith/ButNotWith to define this.</xs:documentation>
				</xs:annotation>
				<xs:complexType>
					<xs:sequence>
						<xs:element name="Text" type="StringLtd">
							<xs:annotation>
								<xs:documentation xml:lang="en-us">Text used if condition is fulfilled.</xs:documentation>
							</xs:annotation>
						</xs:element>
					</xs:sequence>
					<xs:attribute name="startswith" type="StringLtd" use="optional"/>
					<xs:attribute name="butnotwith" type="StringLtd" use="optional"/>
				</xs:complexType>
			</xs:element>
		</xs:sequence>
		<xs:attributeGroup ref="multilingual"/>
	</xs:complexType>
	<!--
Index: UBIF_EnumLib.xsd
===================================================================
RCS file: /groups/efg/SDD/SDD1.1-b8/UBIF_EnumLib.xsd,v 
retrieving revision 1.2
retrieving revision 1.3
diff -w -b -r1.2 -r1.3
-->
	<!--1310,1315d1310-->
	<xs:simpleType name="__LabelRoleExtensibleEnum">
		<xs:annotation>
			<xs:documentation xml:lang="en-us">XXX.</xs:documentation>
		</xs:annotation>
		<xs:union memberTypes="LabelRoleEnum xs:anyURI"/>
	</xs:simpleType>
	<!--1583,1619d1577-->
	<xs:simpleType name="__IdentifierValueTypeEnum">
		<xs:annotation>
			<xs:documentation xml:lang="en-us">CURRENTLY NO LONGER USED! Enumeration of types of identifiers, such as temporary, local, global, DOI, LSID.</xs:documentation>
		</xs:annotation>
		<xs:restriction base="xs:NCName">
			<xs:enumeration value="TemporaryIdentifier">
				<xs:annotation>
					<xs:documentation xml:lang="en-us">Temporary identifiers are not guaranteed to be comparable when the same document is requested multiple times. They may only be interpreted as cross-references within a single instance of a document. (All following identifier types are persistent; multiple requests to a provider return identical identifiers for identical objects; objects with the same identifier may or may not be identical because of versioning policies.)</xs:documentation>
				</xs:annotation>
			</xs:enumeration>
			<xs:enumeration value="LocalIdentifier">
				<xs:annotation>
					<xs:documentation xml:lang="en-us">Local identifiers are unique only for a specific object-domain within the providing institution. They can not be resolved without external knowledge about provider and resolution service. (All following identifier types are globally unique.)</xs:documentation>
				</xs:annotation>
			</xs:enumeration>
			<xs:enumeration value="IdentifierTypeSimpleGuid">
				<xs:annotation>
					<xs:documentation xml:lang="en-us">Globally unique identifiers (GUIDs) are unique for any object type in the entire world. A "simple guid" is here defined to encompass any guid without a recognizable resolution mechanism. Examples are numeric GUIDs like '{a7d00c20-22d4-11d0-1091-0000754c2752}' or non-resolvable urn schemes.</xs:documentation>
				</xs:annotation>
			</xs:enumeration>
			<xs:enumeration value="IdentifierTypeURL">
				<xs:annotation>
					<xs:documentation xml:lang="en-us">Universal resource locator (the typical "internet addresses")</xs:documentation>
				</xs:annotation>
			</xs:enumeration>
			<xs:enumeration value="IdentifierTypeLSID">
				<xs:annotation>
					<xs:documentation xml:lang="en-us">life science id, a resolvable form of guid</xs:documentation>
				</xs:annotation>
			</xs:enumeration>
			<xs:enumeration value="IdentifierTypeDOI">
				<xs:annotation>
					<xs:documentation xml:lang="en-us">Document object identifier, a resolvable form of guid</xs:documentation>
				</xs:annotation>
			</xs:enumeration>
		</xs:restriction>
	</xs:simpleType>
	<!--
Index: UBIF_ObjectCoreExtensions.xsd
===================================================================
RCS file: /groups/efg/SDD/SDD1.1-b8/UBIF_ObjectCoreExtensions.xsd,v
retrieving revision 1.2
retrieving revision 1.3
diff -w -b -r1.2 -r1.3
Index: UBIF_ObjectPattern.xsd
===================================================================
RCS file: /groups/efg/SDD/SDD1.1-b8/UBIF_ObjectPattern.xsd,v
retrieving revision 1.2
retrieving revision 1.3
diff -w -b -r1.2 -r1.3
2c2,3
-->
	<!--548,560d548-->
	<xs:complexType name="__MediaObjectRefs">
		<xs:annotation>
			<xs:documentation xml:lang="en-us">A collection of MediaObjectRef elements. The sequence of elements in instance documents is semantically relevant and should be preserved.</xs:documentation>
		</xs:annotation>
		<xs:sequence>
			<xs:element name="MediaObject" type="MediaObjectRef" maxOccurs="unbounded">
				<xs:annotation>
					<xs:documentation xml:lang="en-us">(the sequence in instances
 is informative!)</xs:documentation>
				</xs:annotation>
			</xs:element>
		</xs:sequence>
	</xs:complexType>
	<!--
Index: UBIF_TypeLib.xsd
===================================================================
RCS file: /groups/efg/SDD/SDD1.1-b8/UBIF_TypeLib.xsd,v
retrieving revision 1.2
retrieving revision 1.3
diff -w -b -r1.2 -r1.3 -->
	<!--540,611d540-->
	<xs:complexType name="__StringPNonEmpty">
		<xs:annotation>
			<xs:documentation xml:lang="en-us">String (i. e. xs:string with minimum length=1) extended with *optional* preferred attribute</xs:documentation>
		</xs:annotation>
		<xs:simpleContent>
			<xs:extension base="StringNonEmpty">
				<xs:attribute name="preferred" type="xs:boolean" use="optional" default="false">
					<xs:annotation>
						<xs:documentation xml:lang="en-us">Elements with preferred = true indicate recommendation by the data provider. The consumer may have reasons to make a different choice.</xs:documentation>
					</xs:annotation>
				</xs:attribute>
			</xs:extension>
		</xs:simpleContent>
	</xs:complexType>
	<xs:complexType name="__StringLtdP">
		<xs:annotation>
			<xs:documentation xml:lang="en-us">StringLtd (i. e. xs:string with limited length), extended with *optional* preferred attribute</xs:documentation>
		</xs:annotation>
		<xs:simpleContent>
			<xs:extension base="StringLtd">
				<xs:attribute name="preferred" type="xs:boolean" use="optional" default="false">
					<xs:annotation>
						<xs:documentation xml:lang="en-us">Elements with preferred = true indicate recommendation by the data provider. The consumer may have reasons to make a different choice.</xs:documentation>
					</xs:annotation>
				</xs:attribute>
			</xs:extension>
		</xs:simpleContent>
	</xs:complexType>
	<xs:complexType name="__StringLP">
		<xs:annotation>
			<xs:documentation xml:lang="en-us">String (i. e. xs:string with minimum length=1) extended with *optional* xml:lang and preferred attributes</xs:documentation>
		</xs:annotation>
		<xs:simpleContent>
			<xs:extension base="StringNonEmpty">
				<xs:attributeGroup ref="multilingual"/>
				<xs:attribute name="preferred" type="xs:boolean" use="optional" default="false">
					<xs:annotation>
						<xs:documentation xml:lang="en-us">Elements with preferred = true indicate recommendation by the data provider. The consumer may have reasons to make a different choice.</xs:documentation>
					</xs:annotation>
				</xs:attribute>
			</xs:extension>
		</xs:simpleContent>
	</xs:complexType>
	<xs:complexType name="__StringLtdLP">
		<xs:annotation>
			<xs:documentation xml:lang="en-us">StringLtd (i. e. xs:string with limited length), , extended with *optional* xml:lang and preferred attributes</xs:documentation>
		</xs:annotation>
		<xs:simpleContent>
			<xs:extension base="StringLtd">
				<xs:attributeGroup ref="multilingual"/>
				<xs:attribute name="preferred" type="xs:boolean" use="optional" default="false">
					<xs:annotation>
						<xs:documentation xml:lang="en-us">Elements with preferred = true indicate recommendation by the data provider. The consumer may have reasons to make a different choice.</xs:documentation>
					</xs:annotation>
				</xs:attribute>
			</xs:extension>
		</xs:simpleContent>
	</xs:complexType>
	<xs:complexType name="__anyUriP">
		<xs:annotation>
			<xs:documentation xml:lang="en-us">xs:anyURI extended with *optional* Preferred attribute</xs:documentation>
		</xs:annotation>
		<xs:simpleContent>
			<xs:extension base="xs:anyURI">
				<xs:attribute name="preferred" type="xs:boolean" use="optional" default="false">
					<xs:annotation>
						<xs:documentation xml:lang="en-us">Elements with preferred = true indicate recommendation by the data provider. The consumer may have reasons to make a different choice.</xs:documentation>
					</xs:annotation>
				</xs:attribute>
			</xs:extension>
		</xs:simpleContent>
	</xs:complexType>
	<!--615,673d543-->
	<xs:simpleType name="__BooleanOrDefault">
		<xs:annotation>
			<xs:documentation xml:lang="en-us">[Unused!] Valid states are true, false, and default.</xs:documentation>
		</xs:annotation>
		<xs:union memberTypes="xs:boolean">
			<xs:simpleType>
				<xs:annotation>
					<xs:documentation xml:lang="en-us">A name whose only value is "default", used for union definitions.</xs:documentation>
				</xs:annotation>
				<xs:restriction base="xs:token">
					<xs:enumeration value="default"/>
				</xs:restriction>
			</xs:simpleType>
		</xs:union>
	</xs:simpleType>
	<xs:simpleType name="__BooleanOrUnknown">
		<xs:annotation>
			<xs:documentation xml:lang="en-us">[Unused!] Valid states are true, false, and default.</xs:documentation>
		</xs:annotation>
		<xs:union memberTypes="xs:boolean">
			<xs:simpleType>
				<xs:annotation>
					<xs:documentation xml:lang="en-us">A name whose only value is "default", used for union definitions.</xs:documentation>
				</xs:annotation>
				<xs:restriction base="xs:token">
					<xs:enumeration value="unkown"/>
				</xs:restriction>
			</xs:simpleType>
		</xs:union>
	</xs:simpleType>
	<xs:simpleType name="__NomenclaturalUninomial">
		<xs:annotation>
			<xs:documentation xml:lang="en-us">[Unused!] A generic or higher taxon name (uninominal or 'monomial') under the bacteriological, botanical, viral, and zoological code, with a pattern to fulfill the following rules: a) First character must be upper case [A-Z]; b) Second and following characters must be lower case [a-z], i.e. without accentuation but with e diaresis ("ë") being allowed as an exception in botany; c) From third character on, a hyphen may occur as well. Note that Genus hybrid flags are expected to be stored separately!</xs:documentation>
			<xs:documentation xml:lang="en-us">Based on ABCD, S.Blum 12/2002. W.Berendsohn 12/2003. The rules above should apply to generic names under all codes; if an exception is discovered, the change in constraints should be implemented as an extension [SB].</xs:documentation>
			<xs:documentation xml:lang="en-us">Notes regarding the admission of ë and hyphen (only for botany):<html:br/>
 ICBN St. Louis: Art. 60.6. Diacritical signs are not used in Latin plant names. In names (either new or old) drawn from words in which such signs appear, the signs are to be suppressed with the necessary transcription of the letters so modified; for example ä, ö, ü become, respectively, ae, oe, ue; é, è, ê become e, [...]. The diaeresis, indicating that a vowel is to be pronounced separately from the preceding vowel (as in Cephaëlis, Isoëtes), is permissible.<html:br/>
 Bacteriology: Diacritic signs are not used in names or epithets in bacteriology [Rule 64].<html:br/>
 ICZN, Article 11: "Mandatory use of Latin alphabet... a scientific name must when first published have been spelled only in the 26 letters of the Latin alphabet; the presence of diacritic marks, apostrophes, diphthongs or the additional letters of the Scandinavian alphabet does not render the name unavailable, but marks must be removed, diphthongs separated and the Scandinavian letters transliterated. " Also: digits or symbols must be spelled out in latin, hyphenation must be contracted.</xs:documentation>
		</xs:annotation>
		<xs:restriction base="StringLtd">
			<xs:pattern value="[A-Z][a-zë][a-zë\-]+[a-zë]">
				<xs:annotation>
					<xs:documentation xml:lang="en-us">The pattern should prevent a hyphen as the last character! Two hyphen in a row are still possible, but considered irrelevant. Example: "Epichloë".</xs:documentation>
				</xs:annotation>
			</xs:pattern>
		</xs:restriction>
	</xs:simpleType>
	<xs:simpleType name="__NomenclaturalEpithet">
		<xs:annotation>
			<xs:documentation xml:lang="en-us">[Unused!] A specific or infraspecific epithet name string under the bacteriological, botanical, viral, and zoological code, with a pattern to fulfill the following rules: a) contains only lower case characters [a-z] or e-diaresis (ë). Not that this data type can not be used for cultivar names, which may contain blanks and accented or other letters.</xs:documentation>
		</xs:annotation>
		<xs:restriction base="StringLtd">
			<xs:pattern value="[a-z][a-zë\-]+[a-zë]">
				<xs:annotation>
					<xs:documentation xml:lang="en-us">The pattern should prevent a hyphen as the last character! Two hyphen in a row are still possible, but considered irrelevant. Example: "vitis-ideae".</xs:documentation>
				</xs:annotation>
			</xs:pattern>
		</xs:restriction>
	</xs:simpleType>
</diffs>
