<CharacterTree id="1">
  <!-- $Id: Fragment-CharTree.xml,v 1.2 2006/04/25 17:49:44 ram Exp $ -->
  <Representation>
    <Label>(Lucid default character list)</Label>
  </Representation>
  <Nodes>
    <Node id="1">
      <!-- no Parent element = parent is root of tree! -->
      <Concept ref="1"/>
    </Node>
    <Node id="2">
      <Parent ref="1"/>
    </Node>
    <Node id="3">
      <Parent ref="1"/>
      <Concept ref="3"/>
    </Node>
    <Char ref="1">
      <Parent ref="2"/>
    </Char>
    <Char ref="2">
      <Parent ref="2"/>
    </Char>
  </Nodes>
</CharacterTree>
