<TaxonHierarchies>
  <!-- $Id: Fragment-TaxonHierarchies.xml,v 1.2 2006/04/25 17:49:44 ram Exp $ -->
  <TaxonHierarchy id="1">
    <!-- one of potentially several alternative hierarchies supported. -->
    <Representation>
      <Label>Default taxon hierarchy</Label>
    </Representation>
    <TaxonHierarchyType>PhylogeneticTaxonomy</TaxonHierarchyType>
    <Nodes>
      <Node id="1">
        <TaxonName ref="1"/>
      </Node>
      <Node id="2">
        <Parent ref="1"/>
        <TaxonName ref="2"/>
      </Node>
      <Node id="3">
        <Parent ref="1"/>
        <Extensions>
          <html:p xmlns:html="http://www.w3.org/1999/xhtml">This node is anonymous!</html:p>
        </Extensions>
      </Node>
      <Node id="4">
        <Parent ref="3"/>
        <TaxonName ref="3"/>
      </Node>
      <Node id="5">
        <Parent ref="3"/>
        <TaxonName ref="4"/>
        <Synonyms>
          <TaxonName ref="1"/>
        </Synonyms>
      </Node>
    </Nodes>
  </TaxonHierarchy>
</TaxonHierarchies>
