<Concept id="1">
  <!-- $Id: Fragment-Concepts.xml,v 1.2 2006/04/25 17:49:44 ram Exp $ -->
  <Representation>
    <Label>Morphology</Label>
  </Representation>
</Concept>
<Concept id="2">
  <Representation>
    <Label>Colour</Label>
  </Representation>
</Concept>
<Concept id="3">
  <Representation>
    <Label>Habitat</Label>
  </Representation>
</Concept>
<Concept id="4">
  <Representation>
    <Label>Field characteristics</Label>
  </Representation>
</Concept>
<Concept id="5">
  <Representation>
    <Label>Microscopic characteristics</Label>
  </Representation>
</Concept>
<Concept id="6">
  <Representation>
    <Label>Roots</Label>
  </Representation>
</Concept>
<Concept id="7">
  <Representation>
    <Label>Stem</Label>
  </Representation>
</Concept>
<Concept id="8">
  <Representation>
    <Label>Leaves</Label>
  </Representation>
</Concept>
<Concept id="9">
  <Representation>
    <Label>Inflorescences</Label>
  </Representation>
</Concept>
