<QuantitativeCharacter id="2">
  <!-- $Id: Fragment-CharDefQuantitative.xml,v 1.2 2006/04/25 17:49:44 ram Exp $ -->
  <Representation>
    <Label>Leaf length</Label>
  </Representation>
  <Assumptions>
    <MeasurementScale>ratio</MeasurementScale>
  </Assumptions>
  <Mappings>
    <Mapping>
      <From lower="0" upper="3"/>
      <To ref="1"/>
    </Mapping>
    <Mapping>
      <From lower="3" upper="10"/>
      <To ref="2"/>
    </Mapping>
    <Mapping>
      <From lower="4" upper="10000000"/>
      <To ref="3"/>
    </Mapping>
  </Mappings>
  <MeasurementUnit>
    <Label role="abbrev">m</Label>
  </MeasurementUnit>
  <Default>
    <MeasurementUnitPrefix>milli</MeasurementUnitPrefix>
  </Default>
</QuantitativeCharacter>
