<CategoricalCharacter id="1">
  <!-- $Id: Fragment-CharDefCategorical.xml,v 1.2 2006/04/25 17:49:44 ram Exp $ -->
  <Representation>
    <Label> Leaf complexity</Label>
  </Representation>
  <Assumptions>
    <MeasurementScale>nominal</MeasurementScale>
  </Assumptions>
  <States>
    <StateDefinition id="1">
      <Representation>
        <Label>Simple</Label>
      </Representation>
    </StateDefinition>
    <StateDefinition id="2">
      <Representation>
        <Label>Compound</Label>
      </Representation>
    </StateDefinition>
  </States>
</CategoricalCharacter>
<CategoricalCharacter id="4">
  <Representation>
    <Label xml:lang="en"> Leaf shape</Label>
  </Representation>
  <States>
    <StateDefinition id="3">
      <Representation>
        <Label xml:lang="en">Round</Label>
      </Representation>
    </StateDefinition>
    <StateDefinition id="4">
      <Representation>
        <Label xml:lang="en">Ovate</Label>
      </Representation>
    </StateDefinition>
  </States>
</CategoricalCharacter>
