<?xml version="1.0" encoding="UTF-8"?>
<html>
	<!--$Id: sddHome.xml,v 1.2 2003/12/02 23:02:56 kasiedu Exp $ -->
	<head>
		<title>UMB-EFG SDD Debugging Tool</title>
	</head>
	<body>
		<h1> UMB-EFG Web application tool for Debugging SDD instance documents.</h1>
		<p> This web application has been tested with SDD schema version SDD 0.9.</p>
		<form action="sdd" method="POST">
			<p> Paste the contents of your instance document into the text area below:</p>
			<textarea name="text" rows="20" cols="80">
			</textarea>
			<br/>
			<br/>
			<input type="submit" name="submit" value="submit"/>
		</form>
		<br/>
		<p> Please let  <a href="mailto:kasiedu[at]REMOVEMEcs.umb.edu?subject=SDDdebug related:"> us </a> know if you encounter any problems in using this tool.</p>
	</body>
</html>
