<?xml version="1.0" encoding="UTF-8"?>
<!-- edited with XMLSPY v2004 rel. 3 U (http://www.xmlspy.com) by Gregor Hagedorn (Biologische Bundesanstalt) -->
<Project xmlns="http://www.tdwg.org/SDD/2003/09" xmlns:xsi="http://www.w3.org/2001/XMLSchema-instance" xsi:schemaLocation="http://www.tdwg.org/SDD/2003/09
C:\Data\Desktop\DESCR\SDD\2003Lisbon\Lisbon2003-SDD.xsd">
  <!-- version="Strawman 0.9 beta 21". This sample instance document is primarily intended for technical testing. It contains parts that provide insightful examples how to use the schema, but some parts are simply created to test required versus optional elements. This document is based on the instance document published after SDD Brazil (2002) and has been extended and updated to incorporate all changes that were introduced during the Paris and Lisbon 2003 meetings. -->
  <!--The 'Generator' information refers to the last generator that created this document. It does not imply that the data have been authored in the named application. This information is intended mainly for debugging purposes, or to recognize errors produced by certain generators. -->
  <Generator Timestamp="2002-11-08T10:00:00" Application="n/a, handcrafted instance document" Version="0.9 beta 17" Authors="normalizedString" Institution="BBA" Copyright="(c) G. Hagedorn, 2003" Routine="(optional information about within-application identifier or export routine/method)" TerminologyIsExcerpt="false" DescriptionIsExcerpt="false"/>
  <ProjectDefinition>
    <GloballyUniqueName>http://www.DiversityCampus.net/NS/MySchema</GloballyUniqueName>
    <Version>
      <Major>0</Major>
      <Minor>9</Minor>
      <Increment>17</Increment>
      <PublicationDate>
        <Year>2003</Year>
        <Month>11</Month>
        <Day>17</Day>
        <Time>14:20:00-05:00</Time>
        <DateText>(this could contain a weak verbal date expression like "ca. 1999-2001")</DateText>
      </PublicationDate>
    </Version>
    <Metadata>
      <Authors>
        <Agent keyref="1"/>
      </Authors>
      <Editors>
        <Agent keyref="1"/>
        <Agent keyref="2"/>
      </Editors>
      <Contributors>
        <Agent keyref="3"/>
        <Agent keyref="4"/>
      </Contributors>
      <InitiationDate>1999-08-13T00:00:00</InitiationDate>
      <LastRevisionDate>2003-11-05T00:00:00</LastRevisionDate>
      <RevisionStatus>Unrevised</RevisionStatus>
    </Metadata>
    <!-- The default audience is used whenever the setup of the application has no other preference specified. The user interface of the application may then allow to choose a different audience/language available. -->
    <AudienceSpecificData>
      <Representation audience="en5">
        <Title>Flying Fishes of the world</Title>
        <Description>A digital field guide</Description>
        <Acknowledgement>The work was made possible by a grant from ...</Acknowledgement>
        <Disclaimer>Text</Disclaimer>
        <GeographicalCoverage>Global</GeographicalCoverage>
        <TaxonomicCoverage>Flying Fishes (Exocoetidae)</TaxonomicCoverage>
        <Rights>
          <CopyrightStatement>(c) 2002 Allmende Biological Research Station</CopyrightStatement>
          <CopyrightStatementLong>(c) 2002 Allmende Biological Research Station. All rights reserved. No part of this data may be....</CopyrightStatementLong>
          <UsageConditions>Can be freely used as long as ...</UsageConditions>
        </Rights>
      </Representation>
      <Representation audience="de5">
        <Title>Fliegende Fische der Welt</Title>
        <GeographicalCoverage>Weltweit</GeographicalCoverage>
        <TaxonomicCoverage>Fliegende Fische (Exocoetidae)</TaxonomicCoverage>
        <Rights>
          <CopyrightStatement>(c) 2002 Allmende Biologische Forschungsstation</CopyrightStatement>
          <UsageConditions>Die Daten dürfen frei verwendet werden, solange ...</UsageConditions>
        </Rights>
      </Representation>
    </AudienceSpecificData>
    <ApplicationData>
      <!-- Application specific information is placed in this collection of Application elements. Recommendation: Each application may read out its own information. Any other target information present should be preserved and output when a new document is generated. This is designed to support itempotent round tripping data between two applications. This implies that no dependency between, settings, descriptions, and the terminology setting should be relied upon. -->
      <Application name="LucID" version="2.1">
        <SomeElement>only for LucID</SomeElement>
        <x2>123</x2>
      </Application>
      <Application name="http://www.DiversityCampus.net/DiversityDescriptions">
        <ReportDefinitions>
          <ToHTML name="default">sdij324,234,,4565,,4,6456,,567,,567</ToHTML>
        </ReportDefinitions>
      </Application>
      <Application name="www.efgblade.cs.umb.edu">
        <Text>Text</Text>
      </Application>
    </ApplicationData>
    <SourcePublication keyref="111"/>
    <!-- (= optional reference if information in project came entirely from a single publication) -->
    <!-- Discussion whether to add: <GeographicalStdCoverage>no,se,fi,nl,de</GeographicalStdCoverage> -->
    <WebAddress>http://160.45.63.11/Projects/TDWG-SDD</WebAddress>
    <HistoryWebAddress>http://160.45.63.11/Projects/TDWG-SDD/Minutes/TDWG-SDD-Minutes.html</HistoryWebAddress>
    <Icon keyref="123"/>
    <Audiences>
      <!-- unlimited number of elements . The key values are arbitrary but recommended to take the form "languagecode + expertiselevel + letter to distinguish variants". For each (linguistic) audience defined here, labels, wordings and perhaps other elements may be defined differently throughout the rest of the instance document (as referenced by audience="xx") -->
      <!-- ExpertiseLevel should be 1 to 5. Recommendations for interpreting and choosing the expert level:
 1 = elementary school (year 1 to 6)
 2 = middle school (year 7 to 10)
 3 = high school (year 11 above) and general public (trying to avoid any specialized terminology or jargon)
 4 = university students or (partly) trained personnel (using terminology, but avoiding or explaining problematic terminology)
 5 = experts (using the full range of terminology) -->
      <Audience audiencekey="en1" lang="en" ExpertiseLevel="1">
        <LabelText>Schoolchildren (ca. grade 1 to 6)</LabelText>
        <Description>Vocabulary simplified as much as possible for schoolchildren (elementary school or ca. below 7th grade)</Description>
      </Audience>
      <Audience audiencekey="en1a" lang="en-us" ExpertiseLevel="1">
        <LabelText>Schoolchildren US West coast (ca. grade 1 to 6)</LabelText>
        <Description>Vocabulary simplified as much as possible for schoolchildren (elementary school or ca. below 7th grade)</Description>
      </Audience>
      <Audience audiencekey="en1b" lang="en-us" ExpertiseLevel="1">
        <LabelText>Schoolchildren US East coast (ca. grade 1 to 6)</LabelText>
        <Description>Vocabulary simplified as much as possible for schoolchildren (elementary school or ca. below 7th grade)</Description>
      </Audience>
      <Audience audiencekey="de1" lang="de" ExpertiseLevel="1">
        <LabelText>Schulkinder (ca. 1. bis 6. Schuljahr)</LabelText>
        <Description>Die verwendeten Ausdrücke wurden so einfach wie möglich gehalten um Schulkindern bis ca. einschließlich der sechster Klasse den Zugang zu erleichtern.</Description>
      </Audience>
      <Audience audiencekey="en2" lang="en" ExpertiseLevel="2">
        <LabelText>Schoolchildren (ca. grade 7 to 10)</LabelText>
        <Description>Where possible, the vocabulary is simplified for schoolchildren (7th to 10th grade).</Description>
      </Audience>
      <Audience audiencekey="de2" lang="de" ExpertiseLevel="2">
        <LabelText>Schulkinder (ca. 7. bis 10. Schuljahr)</LabelText>
        <Description>Die verwendeten Ausdrücke werden so einfach wie möglich gehalten um Schulkindern ca. zwischen der siebten und zehnten Klasse den Zugang zu erleichtern.</Description>
      </Audience>
      <Audience audiencekey="en3" lang="en" ExpertiseLevel="3">
        <LabelText>General public</LabelText>
        <Description>General public and high school (year 11 above). This setting tries to avoid specialized terminology or jargon.</Description>
      </Audience>
      <Audience audiencekey="de3" lang="de" ExpertiseLevel="3">
        <LabelText>x</LabelText>
        <Description>Diese Einstellung wendet sich an interessierte Amateure und Schülerinnen und Schüler ab der 11. Klasse. Auf spezialisierte Fachausdrücke wird nach Möglichkeit verzichtet.</Description>
      </Audience>
      <Audience audiencekey="en4" lang="en" ExpertiseLevel="4">
        <LabelText>University students</LabelText>
        <Description>This setting is intended for university students or (partly) trained personnel. It uses advanced terminology, but attempts to avoid or explain problematic terminology.</Description>
      </Audience>
      <Audience audiencekey="de4" lang="de" ExpertiseLevel="4">
        <LabelText>Studenten (Hochschule)</LabelText>
        <Description>Terminologie für Hochschulstudenten der ersten Semester oder trainiertes Personal. Fortgeschrittene Terminologie wird verwendet, aber problematische Fachausdrücke werden vermieden oder erläutert.</Description>
      </Audience>
      <Audience audiencekey="en5" lang="en" ExpertiseLevel="5">
        <LabelText>Experts</LabelText>
        <Description>This setting uses the full scope of expert terminology.</Description>
      </Audience>
      <Audience audiencekey="de5" lang="de" ExpertiseLevel="5">
        <LabelText>Experten</LabelText>
        <Description>Beschreibungen unter Verwendung des vollständigen Fachvokabulars.</Description>
      </Audience>
      <Audience audiencekey="fr5" lang="fr" ExpertiseLevel="5">
        <LabelText>expert</LabelText>
      </Audience>
    </Audiences>
    <DefaultAudience audience="en5"/>
  </ProjectDefinition>
  <Terminology>
    <Glossary>
      <GlossaryEntry key="999">
        <Representation audience="en5">
          <Term>semaphore</Term>
          <InternalNotes>...</InternalNotes>
          <ApplicationData>
            <Application name="x"/>
          </ApplicationData>
          <Definition>This text tries to define the concept of the term in <em>natural language</em>...</Definition>
          <Metadata>
            <Authors>
              <Agent keyref="1"/>
            </Authors>
            <InitiationDate>2001-01-01T00:00:00</InitiationDate>
            <LastRevisionDate>2003-01-01T00:00:00</LastRevisionDate>
            <RevisionStatus>Unrevised</RevisionStatus>
          </Metadata>
          <ExternalReference>http://www.bba.de</ExternalReference>
          <Citations>
            <Citation>
              <Publication keyref="111"/>
              <Location>333</Location>
            </Citation>
          </Citations>
          <MediaResources>
            <MediaResource keyref="123"/>
            <MediaResource keyref="124"/>
            <MediaResource keyref="125"/>
          </MediaResources>
          <BroaderTerms>
            <Term>information </Term>
            <Term>semantic</Term>
          </BroaderTerms>
          <SynonymousTerms>
            <Term>information bearer</Term>
            <Term>semantic variable</Term>
          </SynonymousTerms>
          <RelatedTerms>
            <Term>placeholder</Term>
            <Term>signal</Term>
            <Term>normalizedString</Term>
          </RelatedTerms>
        </Representation>
      </GlossaryEntry>
    </Glossary>
    <CodingStatusValues>
      <CodingStatus key="1">
        <Label>
          <Representation audience="en5">
            <Text>Text 1</Text>
            <Abbreviation>normalizedString</Abbreviation>
            <ExportToken>A</ExportToken>
            <Icon keyref="123"/>
            <Selector keyref="124"/>
            <Wording>
              <Text>Text<em>Text</em>
              </Text>
            </Wording>
          </Representation>
          <Representation audience="de5">
            <Text>Text</Text>
            <!-- This label is identical with the English one, which is permitted by the schema! -->
            <Abbreviation>normalizedString</Abbreviation>
            <ExportToken>A</ExportToken>
            <Wording>
              <Text>Text<em>Text</em>
              </Text>
            </Wording>
          </Representation>
        </Label>
        <GlossaryEntry keyref="999"/>
        <InternalNotes>= Developer annotation</InternalNotes>
        <ApplicationData>
          <Application name="x"/>
        </ApplicationData>
        <IsTemplateForNewDescriptions>false</IsTemplateForNewDescriptions>
        <Generalization>
          <BasicCodingStatus>ToBeCoded</BasicCodingStatus>
          <PresenceOfInformation>NotEvaluated</PresenceOfInformation>
        </Generalization>
      </CodingStatus>
      <CodingStatus key="2">
        <Label>
          <Representation audience="en5">
            <Text>Text 2</Text>
            <Abbreviation>normalizedString</Abbreviation>
            <ExportToken>A</ExportToken>
            <Wording>
              <Text>Text<em>Text</em>
              </Text>
            </Wording>
          </Representation>
        </Label>
        <GlossaryEntry keyref="999"/>
        <InternalNotes>= Developer annotation</InternalNotes>
        <ApplicationData>
          <Application name="x"/>
        </ApplicationData>
        <IsTemplateForNewDescriptions>false</IsTemplateForNewDescriptions>
        <Generalization>
          <BasicCodingStatus>ToBeCoded</BasicCodingStatus>
          <PresenceOfInformation>NotEvaluated</PresenceOfInformation>
        </Generalization>
      </CodingStatus>
      <CodingStatus key="3">
        <Label>
          <Representation audience="en5">
            <Text>Text3</Text>
            <Abbreviation>normalizedString</Abbreviation>
            <ExportToken>A</ExportToken>
            <Wording>
              <Text>Text<em>Text</em>
              </Text>
            </Wording>
          </Representation>
        </Label>
        <GlossaryEntry keyref="999"/>
        <InternalNotes>= Developer annotation</InternalNotes>
        <ApplicationData>
          <Application name="x"/>
        </ApplicationData>
        <IsTemplateForNewDescriptions>false</IsTemplateForNewDescriptions>
        <Generalization>
          <BasicCodingStatus>ToBeCoded</BasicCodingStatus>
          <PresenceOfInformation>NotEvaluated</PresenceOfInformation>
        </Generalization>
      </CodingStatus>
    </CodingStatusValues>
    <StatisticalMeasures>
      <!-- The semantics of a certain set of key values is predefined in the SDD standard. However, please observe the following "Best practices recommendation": Use the ReportingClass, Method, MethodValue information in Generalization rather than relying on the key value, whenever this information is sufficient for your method. This will, for example, probably be the case for formatting routines and for many query/identification purposes. Using the type/method/value information allows your code to work if the list of definitions of statistical measures is extended.

PROBLEM: document instances could change the label of standard parameters to something that changes the semantics in the eyes of a user (is inconsistent with the statements made in Generalization). Bob: In JAVA language the problem here is: there are no final static (= global constants) objects-->
      <StatisticalMeasure key="0">
        <Label>
          <Representation audience="en5">
            <Text>The first one is used as a dummy to show all possible elements</Text>
            <Abbreviation>normalizedString</Abbreviation>
            <ExportToken>A</ExportToken>
            <Icon keyref="123"/>
            <Selector keyref="124"/>
            <Wording>
              <Text>The first one is used as a <em>dummy</em> to show all possible elements</Text>
            </Wording>
          </Representation>
        </Label>
        <GlossaryEntry keyref="999"/>
        <InternalNotes>= Developer annotation</InternalNotes>
        <ApplicationData>
          <Application name="x">
            <Text>Statistical parameters can be annotated by application</Text>
          </Application>
        </ApplicationData>
        <IsTemplateForNewDescriptions>false</IsTemplateForNewDescriptions>
        <Generalization>
          <ReportingClass>normalizedString</ReportingClass>
          <Method>normalizedString</Method>
          <MethodValue>3.14159265358979</MethodValue>
        </Generalization>
      </StatisticalMeasure>
      <!--Above is just a dummy to add as many elements as possible for validation testing. 
The real list of parameters intended for reuse starts here: -->
      <StatisticalMeasure key="1">
        <Label>
          <Representation audience="en5">
            <Text>Text 1</Text>
            <Abbreviation>normalizedString</Abbreviation>
          </Representation>
          <Representation audience="de5">
            <Text>Text 1</Text>
            <Abbreviation>normalizedString</Abbreviation>
          </Representation>
        </Label>
        <Generalization>
          <ReportingClass>x</ReportingClass>
          <Method>x</Method>
          <MethodValue>0</MethodValue>
        </Generalization>
      </StatisticalMeasure>
      <StatisticalMeasure key="2">
        <Label>
          <Representation audience="en5">
            <Text>Text 2</Text>
            <Abbreviation>normalizedString</Abbreviation>
          </Representation>
          <Representation audience="de5">
            <Text>Text 2</Text>
            <Abbreviation>normalizedString</Abbreviation>
          </Representation>
        </Label>
        <Generalization>
          <ReportingClass>x</ReportingClass>
          <Method>x</Method>
          <MethodValue>0</MethodValue>
        </Generalization>
      </StatisticalMeasure>
      <StatisticalMeasure key="3">
        <Label>
          <Representation audience="en5">
            <Text>Text 3</Text>
            <Abbreviation>normalizedString</Abbreviation>
          </Representation>
          <Representation audience="de5">
            <Text>Text 3</Text>
            <Abbreviation>normalizedString</Abbreviation>
          </Representation>
        </Label>
        <Generalization>
          <ReportingClass>x</ReportingClass>
          <Method>x</Method>
          <MethodValue>0</MethodValue>
        </Generalization>
      </StatisticalMeasure>
    </StatisticalMeasures>
    <Modifiers>
      <General>
        <Modifier key="1">
          <Label>
            <Representation audience="en5">
              <Text>shallowly</Text>
              <Abbreviation>shall.</Abbreviation>
              <Wording>
                <TextBefore>shallowly </TextBefore>
              </Wording>
            </Representation>
          </Label>
          <GlossaryEntry keyref="999"/>
          <InternalNotes>Development notes here, e. g. a note where the modifier is intended to be used. Modifiers will relatively rarely use abbreviations or be associated with Glossary entries, but it is fully supported.</InternalNotes>
          <ApplicationData>
            <Application name="x">
              <Text>Modifiers may carry application data</Text>
            </Application>
          </ApplicationData>
        </Modifier>
        <Modifier key="2">
          <Label>
            <Representation audience="en5">
              <Text>weakly</Text>
              <Wording>
                <TextBefore>weakly </TextBefore>
              </Wording>
            </Representation>
          </Label>
        </Modifier>
        <Modifier key="3">
          <Label>
            <Representation audience="en5">
              <Text>(when mature)</Text>
              <Wording>
                <TextAfter> (when mature)</TextAfter>
              </Wording>
            </Representation>
          </Label>
          <InternalNotes>Note that this has a wording AFTER the state (and none before). It is also possible to define both one before and after the state.</InternalNotes>
        </Modifier>
        <!-- the following are color hues. Should a separate modifier category defined for this? -->
        <Modifier key="4">
          <Label>
            <Representation audience="en5">
              <Text>reddish</Text>
              <Wording>
                <TextBefore>reddish </TextBefore>
              </Wording>
            </Representation>
            <Representation audience="de5">
              <Text>rötlich</Text>
              <Wording>
                <TextBefore>rötlich </TextBefore>
              </Wording>
            </Representation>
          </Label>
        </Modifier>
        <Modifier key="5">
          <Label>
            <Representation audience="en5">
              <Text>greenish</Text>
              <Wording>
                <TextBefore>greenish </TextBefore>
              </Wording>
            </Representation>
            <Representation audience="de5">
              <Text>grünlich </Text>
              <Wording>
                <TextBefore>grünlich </TextBefore>
              </Wording>
            </Representation>
          </Label>
        </Modifier>
        <Modifier key="6">
          <Label>
            <Representation audience="en5">
              <Text>dark</Text>
              <Wording>
                <TextBefore>dark </TextBefore>
              </Wording>
            </Representation>
            <Representation audience="de5">
              <Text>dunkel</Text>
              <Wording>
                <TextBefore>dunkel </TextBefore>
              </Wording>
            </Representation>
          </Label>
        </Modifier>
        <Modifier key="7">
          <Label>
            <Representation audience="en5">
              <Text>dark reddish</Text>
              <Wording>
                <TextBefore>dark reddish-</TextBefore>
              </Wording>
            </Representation>
            <Representation audience="de5">
              <Text>dunkelrötlich</Text>
              <Wording>
                <TextBefore>dunkelrötlich-</TextBefore>
              </Wording>
            </Representation>
          </Label>
        </Modifier>
      </General>
      <Frequency>
        <!-- This could possibly refer to an common definition used by multiple terminologies -->
        <Modifier key="20">
          <Label>
            <Representation audience="en5">
              <Text>extremely rarely</Text>
              <Wording>
                <TextBefore>extremely rarely</TextBefore>
              </Wording>
            </Representation>
            <Representation audience="de5">
              <Text>extrem selten</Text>
              <Wording>
                <TextBefore>extrem selten </TextBefore>
              </Wording>
            </Representation>
          </Label>
          <GlossaryEntry keyref="999"/>
          <InternalNotes>= Developer annotation</InternalNotes>
          <ApplicationData>
            <Application name="x">
              <Text>Frequency modifiers may carry application data</Text>
            </Application>
          </ApplicationData>
          <FrequencyRange LowerEstimate="0.0001" UpperEstimate="0.01"/>
          <!-- 0.01 = 1%! -->
        </Modifier>
        <Modifier key="21">
          <Label>
            <Representation audience="en5">
              <Text>very rarely</Text>
              <Wording>
                <TextBefore>very rarely </TextBefore>
              </Wording>
            </Representation>
            <Representation audience="de5">
              <Text>sehr selten</Text>
              <Wording>
                <TextBefore>sehr selten </TextBefore>
              </Wording>
            </Representation>
          </Label>
          <FrequencyRange LowerEstimate="0.0001" UpperEstimate="0.05"/>
          <!-- 0.05 = 5% -->
        </Modifier>
        <Modifier key="22">
          <Label>
            <Representation audience="en5">
              <Text>rarely</Text>
              <Wording>
                <TextBefore>rarely </TextBefore>
              </Wording>
            </Representation>
            <Representation audience="de5">
              <Text>selten</Text>
              <Wording>
                <TextBefore>selten </TextBefore>
              </Wording>
            </Representation>
          </Label>
          <!--- frequency limits may overlap (compare with very rarely): -->
          <FrequencyRange LowerEstimate="0.0001" UpperEstimate="0.15"/>
          <!-- 0.15 = 15% -->
        </Modifier>
        <Modifier key="23">
          <Label>
            <Representation audience="en5">
              <Text>often</Text>
              <Wording>
                <TextBefore>often </TextBefore>
              </Wording>
            </Representation>
            <Representation audience="de5">
              <Text>häufig</Text>
              <Wording>
                <TextBefore>häufig </TextBefore>
              </Wording>
            </Representation>
          </Label>
          <FrequencyRange LowerEstimate="0.2" UpperEstimate="0.8"/>
        </Modifier>
        <Modifier key="24">
          <Label>
            <Representation audience="en5">
              <Text>usually</Text>
              <Wording>
                <TextBefore>usually </TextBefore>
              </Wording>
            </Representation>
            <Representation audience="de5">
              <Text>gewöhnlich</Text>
              <Wording>
                <TextBefore>gewöhnlich </TextBefore>
              </Wording>
            </Representation>
          </Label>
          <FrequencyRange LowerEstimate="0.5" UpperEstimate="0.999"/>
        </Modifier>
        <Modifier key="25">
          <Label>
            <Representation audience="en5">
              <Text>almost always</Text>
              <Wording>
                <TextBefore>almost always </TextBefore>
              </Wording>
            </Representation>
            <Representation audience="de5">
              <Text>fast stets</Text>
              <Wording>
                <TextBefore>fast stets </TextBefore>
              </Wording>
            </Representation>
          </Label>
          <FrequencyRange LowerEstimate="0.9" UpperEstimate="0.999"/>
        </Modifier>
      </Frequency>
      <Uncertainty>
        <Modifier key="40">
          <Label>
            <Representation audience="en5">
              <Text>probably </Text>
              <Wording>
                <TextBefore>probably </TextBefore>
              </Wording>
            </Representation>
            <Representation audience="de5">
              <Text>vermutlich</Text>
              <Wording>
                <TextBefore>vermutlich </TextBefore>
              </Wording>
            </Representation>
          </Label>
          <ProbabilityRange LowerEstimate="0.6" UpperEstimate="1"/>
        </Modifier>
        <Modifier key="41">
          <Label>
            <Representation audience="en5">
              <Text>perhaps </Text>
              <Wording>
                <TextBefore>perhaps </TextBefore>
              </Wording>
            </Representation>
            <Representation audience="de5">
              <Text>eventuell</Text>
              <Wording>
                <TextBefore>eventuell </TextBefore>
              </Wording>
            </Representation>
          </Label>
          <ProbabilityRange LowerEstimate="0" UpperEstimate="0.5"/>
        </Modifier>
        <Modifier key="42">
          <Label>
            <Representation audience="en5">
              <Text>(by misunderstanding)</Text>
              <Wording>
                <TextAfter> (by misunderstanding)</TextAfter>
              </Wording>
            </Representation>
            <Representation audience="de5">
              <Text>(durch Fehlinterpretation)</Text>
              <Wording>
                <TextAfter> (Fehlinterpretation)</TextAfter>
              </Wording>
            </Representation>
          </Label>
          <InternalNotes>Note that the probability value for true-by-misinterpretation should be set to 0 to 0! Applications may want to warn if this is not the case, it is not enforced by the schema!</InternalNotes>
          <ProbabilityRange LowerEstimate="0" UpperEstimate="0"/>
          <IsTrueByMisinterpretation>true</IsTrueByMisinterpretation>
        </Modifier>
      </Uncertainty>
      <Sets>
        <Set key="1">
          <Label>
            <Representation audience="en5">
              <Text>Standard uncertainty modifiers</Text>
            </Representation>
          </Label>
          <Modifiers>
            <Uncertainty>
              <Modifier keyref="40"/>
              <Modifier keyref="41"/>
              <Modifier keyref="42"/>
            </Uncertainty>
          </Modifiers>
        </Set>
        <Set key="3">
          <Label>
            <Representation audience="en5">
              <Text>Modifier set for presence/absence characters</Text>
            </Representation>
          </Label>
          <Modifiers>
            <General>
              <Modifier keyref="1"/>
              <Modifier keyref="2"/>
            </General>
          </Modifiers>
        </Set>
        <Set key="4">
          <Label>
            <Representation audience="en5">
              <Text>Modifier set for standard categorical characters</Text>
            </Representation>
          </Label>
          <Modifiers>
            <General>
              <Modifier keyref="1"/>
              <Modifier keyref="2"/>
              <Modifier keyref="3"/>
            </General>
            <Frequency>
              <Modifier keyref="20"/>
              <Modifier keyref="21"/>
            </Frequency>
          </Modifiers>
        </Set>
        <Set key="5">
          <Label>
            <Representation audience="en5">
              <Text>Modifier set for colors</Text>
            </Representation>
          </Label>
          <Modifiers>
            <General>
              <Modifier keyref="3"/>
            </General>
            <Frequency>
              <Modifier keyref="22"/>
              <Modifier keyref="23"/>
            </Frequency>
          </Modifiers>
        </Set>
      </Sets>
    </Modifiers>
    <Characters>
      <Character key="1">
        <Label>
          <Representation audience="en5">
            <Text>Text</Text>
            <Abbreviation>normalizedString</Abbreviation>
            <ExportToken>A</ExportToken>
            <Icon keyref="123"/>
            <Selector keyref="124"/>
          </Representation>
        </Label>
        <GlossaryEntry keyref="999"/>
        <InternalNotes>= Developer annotation</InternalNotes>
        <ApplicationData>
          <Application name="x"/>
        </ApplicationData>
        <Type>interval</Type>
        <Numerical>
          <StatisticalMeasures>
            <StatisticalMeasure keyref="1" key="1"/>
            <StatisticalMeasure keyref="2" key="2"/>
            <StatisticalMeasure keyref="3" key="3"/>
          </StatisticalMeasures>
          <Mappings>
            <Mapping>
              <From LowerValue="0" UpperValue="3"/>
              <To keyref="1"/>
            </Mapping>
            <Mapping>
              <From LowerValue="3" UpperValue="10"/>
              <To keyref="2"/>
            </Mapping>
            <Mapping>
              <From LowerValue="4" UpperValue="10000000"/>
              <To keyref="3"/>
            </Mapping>
          </Mappings>
          <MeasurementUnit Postfix="true">mm<sup>3</sup>
          </MeasurementUnit>
        </Numerical>
        <Categorical>
          <States>
            <StateDefinition key="1">
              <Label>
                <Representation audience="en5">
                  <Text>Text 1</Text>
                  <Abbreviation>normalizedString</Abbreviation>
                  <ExportToken>A</ExportToken>
                  <Icon keyref="123"/>
                  <Selector keyref="124"/>
                  <Wording>
                    <Text>Text<em>Text</em>
                    </Text>
                  </Wording>
                </Representation>
                <Representation audience="de5">
                  <Text>Text<em>Text</em>
                  </Text>
                </Representation>
              </Label>
              <GlossaryEntry keyref="999"/>
              <InternalNotes>= Developer annotation</InternalNotes>
              <ApplicationData>
                <Application name="x"/>
              </ApplicationData>
              <IsTemplateForNewDescriptions>false</IsTemplateForNewDescriptions>
              <IsAnalyticalState>true</IsAnalyticalState>
            </StateDefinition>
            <StateDefinition key="2">
              <Label>
                <Representation audience="en5">
                  <Text>Text <em>2</em>
                  </Text>
                  <Abbreviation>normalizedString</Abbreviation>
                  <ExportToken>A</ExportToken>
                  <Wording>
                    <Text>Text<em>Text</em>
                    </Text>
                  </Wording>
                </Representation>
              </Label>
              <GlossaryEntry keyref="999"/>
              <InternalNotes>= Developer annotation</InternalNotes>
              <ApplicationData>
                <Application name="x"/>
              </ApplicationData>
              <IsTemplateForNewDescriptions>false</IsTemplateForNewDescriptions>
              <IsAnalyticalState>true</IsAnalyticalState>
            </StateDefinition>
            <StateDefinition key="3">
              <Label>
                <Representation audience="en5">
                  <Text>Text 3<sup>3</sup>
                  </Text>
                  <Abbreviation>normalizedString</Abbreviation>
                  <ExportToken>A</ExportToken>
                  <Wording>
                    <Text>Text<em>Text</em>
                    </Text>
                  </Wording>
                </Representation>
              </Label>
              <GlossaryEntry keyref="999"/>
              <InternalNotes>= Developer annotation</InternalNotes>
              <ApplicationData>
                <Application name="x"/>
              </ApplicationData>
              <IsTemplateForNewDescriptions>false</IsTemplateForNewDescriptions>
              <IsAnalyticalState>true</IsAnalyticalState>
            </StateDefinition>
          </States>
          <AutoAddStates>
            <GenericStateSet keyref="1"/>
            <GenericStateSet keyref="2"/>
            <GenericStateSet keyref="3"/>
          </AutoAddStates>
        </Categorical>
        <ModifierSets>
          <ModifierSet keyref="1"/>
          <ModifierSet keyref="4"/>
        </ModifierSets>
      </Character>
      <Character key="2">
        <Label>
          <Representation audience="en5">
            <Text>Char 2</Text>
            <Abbreviation>normalizedString</Abbreviation>
          </Representation>
        </Label>
        <GlossaryEntry keyref="999"/>
        <InternalNotes>= Developer annotation</InternalNotes>
        <Type>ordinal</Type>
        <Categorical>
          <States>
            <StateDefinition key="4">
              <Label>
                <Representation audience="en5">
                  <Text>Text<em>Text</em>
                  </Text>
                  <Abbreviation>normalizedString</Abbreviation>
                  <Wording>
                    <Text>Text<em>Text</em>
                    </Text>
                  </Wording>
                </Representation>
              </Label>
              <GlossaryEntry keyref="999"/>
              <InternalNotes>= Developer annotation</InternalNotes>
              <ApplicationData>
                <Application name="x"/>
              </ApplicationData>
              <IsTemplateForNewDescriptions>false</IsTemplateForNewDescriptions>
              <IsAnalyticalState>true</IsAnalyticalState>
            </StateDefinition>
            <StateDefinition key="5">
              <Label>
                <Representation audience="en5">
                  <Text>Text 5</Text>
                  <Abbreviation>normalizedString</Abbreviation>
                  <Wording>
                    <Text>Text<em>Text</em>
                    </Text>
                  </Wording>
                </Representation>
              </Label>
              <GlossaryEntry keyref="999"/>
              <InternalNotes>= Developer annotation</InternalNotes>
              <ApplicationData>
                <Application name="x"/>
              </ApplicationData>
              <IsTemplateForNewDescriptions>false</IsTemplateForNewDescriptions>
              <IsAnalyticalState>true</IsAnalyticalState>
            </StateDefinition>
            <StateDefinition key="6">
              <Label>
                <Representation audience="en5">
                  <Text>Text 6</Text>
                  <Abbreviation>Text 6</Abbreviation>
                  <Wording>
                    <Text>Text 6</Text>
                  </Wording>
                </Representation>
              </Label>
              <GlossaryEntry keyref="999"/>
              <InternalNotes>= Developer annotation</InternalNotes>
              <ApplicationData>
                <Application name="x"/>
              </ApplicationData>
              <IsTemplateForNewDescriptions>false</IsTemplateForNewDescriptions>
              <IsAnalyticalState>true</IsAnalyticalState>
            </StateDefinition>
          </States>
        </Categorical>
      </Character>
      <Character key="3">
        <Label>
          <Representation audience="en5">
            <Text>Char 3</Text>
            <Abbreviation>normalizedString</Abbreviation>
          </Representation>
        </Label>
        <Type>ordinal</Type>
        <Categorical>
          <States>
            <StateDefinition key="7">
              <Label>
                <Representation audience="en5">
                  <Text>Text<em>Text</em>
                  </Text>
                  <Abbreviation>normalizedString</Abbreviation>
                  <Wording>
                    <Text>Text<em>Text</em>
                    </Text>
                  </Wording>
                </Representation>
              </Label>
              <GlossaryEntry keyref="999"/>
              <InternalNotes>= Developer annotation</InternalNotes>
              <ApplicationData>
                <Application name="x"/>
              </ApplicationData>
              <IsTemplateForNewDescriptions>false</IsTemplateForNewDescriptions>
              <IsAnalyticalState>true</IsAnalyticalState>
            </StateDefinition>
            <StateDefinition key="8">
              <Label>
                <Representation audience="en5">
                  <Text>Text 8</Text>
                  <Abbreviation>T8</Abbreviation>
                  <Wording>
                    <Text>Text 8</Text>
                  </Wording>
                </Representation>
              </Label>
              <IsTemplateForNewDescriptions>false</IsTemplateForNewDescriptions>
              <IsAnalyticalState>true</IsAnalyticalState>
            </StateDefinition>
            <StateDefinition key="9">
              <Label>
                <Representation audience="en5">
                  <Text>Text 9</Text>
                </Representation>
              </Label>
            </StateDefinition>
          </States>
        </Categorical>
      </Character>
    </Characters>
    <ConceptTrees>
      <ConceptTree key="1">
        <Label>
          <Representation audience="en5">
            <Text>First Character Tree</Text>
          </Representation>
        </Label>
        <Type>PropertyHierarchy</Type>
        <Purposes>
          <Purpose>GeneralDefault</Purpose>
          <Purpose>GeneralDefault</Purpose>
          <Purpose>GeneralDefault</Purpose>
        </Purposes>
        <Concept key="1">
          <Label>
            <Representation audience="en5">
              <Text>Node label</Text>
              <Wording>
                <TextBefore>Text</TextBefore>
                <TextAfter>:</TextAfter>
                <DelimiterText>, </DelimiterText>
                <LastDelimiterText> and </LastDelimiterText>
              </Wording>
            </Representation>
          </Label>
          <DependencyRules>
            <OnlyApplicableIf>
              <State keyref="1"/>
              <State keyref="2"/>
            </OnlyApplicableIf>
            <InapplicableIf>
              <State keyref="3"/>
            </InapplicableIf>
          </DependencyRules>
          <GenericStates>
            <StateDefinition key="10">
              <Label>
                <Representation audience="en5">
                  <Text>State<sup>10</sup>
                  </Text>
                </Representation>
              </Label>
              <GlossaryEntry keyref="999"/>
              <InternalNotes>= Developer annotation</InternalNotes>
              <ApplicationData>
                <Application name="x"/>
              </ApplicationData>
              <IsTemplateForNewDescriptions>false</IsTemplateForNewDescriptions>
              <IsAnalyticalState>true</IsAnalyticalState>
            </StateDefinition>
            <StateDefinition key="11">
              <Label>
                <Representation audience="en5">
                  <Text>State x<sup>11</sup>
                  </Text>
                </Representation>
              </Label>
              <GlossaryEntry keyref="999"/>
              <InternalNotes>= Developer annotation</InternalNotes>
              <ApplicationData>
                <Application name="x"/>
              </ApplicationData>
              <IsTemplateForNewDescriptions>false</IsTemplateForNewDescriptions>
              <IsAnalyticalState>true</IsAnalyticalState>
            </StateDefinition>
            <StateDefinition key="12">
              <Label>
                <Representation audience="en5">
                  <Text>State 12</Text>
                </Representation>
              </Label>
              <GlossaryEntry keyref="999"/>
              <InternalNotes>= Developer annotation</InternalNotes>
              <ApplicationData>
                <Application name="x"/>
              </ApplicationData>
              <IsTemplateForNewDescriptions>false</IsTemplateForNewDescriptions>
              <IsAnalyticalState>true</IsAnalyticalState>
            </StateDefinition>
          </GenericStates>
          <Concepts>
            <Concept key="2">
              <Label>
                <Representation audience="en5">
                  <Text>Node label</Text>
                </Representation>
              </Label>
            </Concept>
            <Concept key="3">
              <InternalNotes>The node labels are optional!</InternalNotes>
            </Concept>
          </Concepts>
        </Concept>
      </ConceptTree>
      <ConceptTree key="2">
        <Label>
          <Representation audience="en5">
            <Text>Second Character Tree</Text>
          </Representation>
        </Label>
        <Type>PropertyHierarchy</Type>
        <Purposes>
          <Purpose>GeneralDefault</Purpose>
          <Purpose>GeneralDefault</Purpose>
          <Purpose>GeneralDefault</Purpose>
        </Purposes>
        <Concept key="21">
          <Label>
            <Representation audience="en5">
              <Text>Text<em>Text</em>
              </Text>
              <Abbreviation>normalizedString</Abbreviation>
              <Wording>
                <TextBefore>Text<em>Text</em>
                </TextBefore>
                <TextAfter>Text<em>Text</em>
                </TextAfter>
                <DelimiterText>Text<em>Text</em>
                </DelimiterText>
                <LastDelimiterText>Text<em>Text</em>
                </LastDelimiterText>
              </Wording>
            </Representation>
          </Label>
          <GlossaryEntry keyref="999"/>
          <InternalNotes>= Developer annotation</InternalNotes>
          <ApplicationData>
            <Application name="x"/>
          </ApplicationData>
          <DependencyRules>
            <InapplicableIf>
              <State keyref="4"/>
            </InapplicableIf>
          </DependencyRules>
          <GenericStates>
            <StateDefinition key="13">
              <Label>
                <Representation audience="en5">
                  <Text>Text 13</Text>
                  <Abbreviation>normalizedString</Abbreviation>
                  <Wording>
                    <Text>Text<em>Text</em>
                    </Text>
                  </Wording>
                </Representation>
              </Label>
              <GlossaryEntry keyref="999"/>
              <InternalNotes>= Developer annotation</InternalNotes>
              <ApplicationData>
                <Application name="x"/>
              </ApplicationData>
              <IsTemplateForNewDescriptions>false</IsTemplateForNewDescriptions>
              <IsAnalyticalState>true</IsAnalyticalState>
            </StateDefinition>
            <StateDefinition key="14">
              <Label>
                <Representation audience="en5">
                  <Text>Text 14</Text>
                </Representation>
              </Label>
            </StateDefinition>
            <StateDefinition key="15">
              <Label>
                <Representation audience="en5">
                  <Text>Text 15</Text>
                </Representation>
              </Label>
            </StateDefinition>
          </GenericStates>
        </Concept>
      </ConceptTree>
    </ConceptTrees>
  </Terminology>
  <!--Note that entities/resource are thought to be ideally excerpts from other sources. They only define linking information required by terminology or descriptions! -->
  <Entities>
    <Classes>
      <Class key="1">
        <!-- we chose FishBase for the example because it is one of the few resources where IDs are published (and Nicolas Bailly has helped a lot with SDD! -->
        <ServiceProvider>www.fishbase.org</ServiceProvider>
        <ExternalID>http://www.fishbase.org/Summary/SpeciesSummary.cfm?ID=1029</ExternalID>
        <!-- It is currently unclear how the ServiceProvider and the ExternalID shall function. One model is to have:
        ServiceProvider: http://www.fishbase.org/Summary/SpeciesSummary.cfm?ID={ExternalID}
        ExternalID: 1029
        However, that works badly in the case of webservices, where we do need access to a wsdl file. So, in the case above, ServiceProvider could be left empty, if ExternalID is a comple URL.
        This needs to be figured out! -->
        <FreeFormDescription>Cypselurus heterurus (Rafinesque, 1810)</FreeFormDescription>
        <RankLevel>species</RankLevel>
      </Class>
      <Class key="2">
        <!-- Note that classes are not necessarily accepted/valid class names, they may contain synonyms like this:-->
        <ExternalID>http://www.fishbase.org/Nomenclature/SynonymSummary.cfm?ID=118703</ExternalID>
        <FreeFormDescription>Cheilopogon heterurus</FreeFormDescription>
        <RankLevel>species</RankLevel>
      </Class>
      <Class key="3">
        <ExternalID>http://www.fishbase.org/Summary/SpeciesSummary.cfm?ID=7726</ExternalID>
        <FreeFormDescription>Cypselurus naresii (Günther, 1889)</FreeFormDescription>
        <RankLevel>species</RankLevel>
      </Class>
      <Class key="4">
        <!-- This is a genus record. Note that the ID here is string, not number! -->
        <ExternalID>http://www.fishbase.org/Eschmeyer/GeneraSummary.cfm?ID=Cypselurus</ExternalID>
        <FreeFormDescription>Cypselurus naresii (Günther, 1889)</FreeFormDescription>
        <RankLevel>genus</RankLevel>
      </Class>
    </Classes>
    <ClassHierarchies>
      <ClassHierarchy key="1">
        <!-- one of potentially several alternative hierarchies supported. -->
        <FreeFormDescription>(default taxon hierarchy)</FreeFormDescription>
        <ApplicationData>
          <Application name="x"/>
        </ApplicationData>
        <Node>
          <Class keyref="4"/>
          <Node>
            <Class keyref="1"/>
            <Synonyms>
              <Class keyref="2"/>
            </Synonyms>
          </Node>
          <Node>
            <Class keyref="3"/>
          </Node>
        </Node>
      </ClassHierarchy>
    </ClassHierarchies>
    <Objects>
      <Object key="1">
        <ServiceProvider>DigIR</ServiceProvider>
        <ExternalID>something</ExternalID>
        <FreeFormDescription>Cypselurus naresii collected by Günther in 1.5.1889, London NHM</FreeFormDescription>
        <ClassIdentification keyref="3" IdentificationIsCertain="true"/>
      </Object>
    </Objects>
  </Entities>
  <Resources>
    <Agents>
      <Agent key="1">
        <FreeFormDescription>Gregor Hagedorn</FreeFormDescription>
        <LastName>Hagedorn</LastName>
        <FirstNames>Gregor Maria</FirstNames>
        <URN>http://www.bba.de/PS/Gregor.Hagedorn</URN>
        <Homepage>http://www.diversitycampus.net/people/hagedorn</Homepage>
      </Agent>
      <Agent key="2">
        <FreeFormDescription>Bob Morris</FreeFormDescription>
        <LastName>Morris</LastName>
        <FirstNames>Robert</FirstNames>
        <Homepage>http://www.cs.umb.edu/efg</Homepage>
      </Agent>
      <Agent key="3">
        <FreeFormDescription>Kevin Thiele</FreeFormDescription>
        <LastName>Thiele</LastName>
        <FirstNames>Kevin</FirstNames>
      </Agent>
      <Agent key="4">
        <FreeFormDescription>Bryan Heidorn</FreeFormDescription>
        <LastName>Heidorn</LastName>
        <FirstNames>Bryan</FirstNames>
      </Agent>
    </Agents>
    <Publications>
      <Publication key="111">
        <FreeFormDescription>Author, X (2000). Short Citation, including journal or publisher.</FreeFormDescription>
      </Publication>
      <Publication key="112">
        <ExternalID>http://some.service.net/providing/bibliographic.data</ExternalID>
        <FreeFormDescription>Gee, X. &amp; Haa, Y. (2003). How to be happy in five minutes. Instant Gratifications, Palm Beach.</FreeFormDescription>
        <ApplicationData>
          <Application name="x">
            <Data>Applications may store additional data at the resource connectors.</Data>
          </Application>
        </ApplicationData>
      </Publication>
    </Publications>
    <MediaResources>
      <MediaResource key="123">
        <ExternalID>http://sdfkjsdf.fksdf.edu/x.gif</ExternalID>
        <FreeFormDescription>xxx</FreeFormDescription>
        <Type>Image</Type>
      </MediaResource>
      <MediaResource key="124">
        <ExternalID>http://xxx.edu/birdsong.mp3</ExternalID>
        <FreeFormDescription>yyy</FreeFormDescription>
        <ApplicationData>
          <Application name="x">
            <SomeElement/>
          </Application>
        </ApplicationData>
        <Type>Audio</Type>
      </MediaResource>
      <MediaResource key="125">
        <ExternalID>www.xxx.org/img/Melampsora_evonymi-caprearum.png</ExternalID>
        <FreeFormDescription>Melampsora evonymi-caprearum</FreeFormDescription>
        <ApplicationData>
          <Application name="x"/>
        </ApplicationData>
        <Type>Image</Type>
        <!-- Caption is optional, missing from the earlier examples! -->
        <Caption>
          <Representation audience="fr5">
            <Text>
              <taxon>Melampsora evonymi-caprearum</taxon>
              <taxonauthor>Kleb.</taxonauthor>, stade II sur <taxon>Salix caprea</taxon>
              <taxonauthor>L.</taxonauthor>
            </Text>
          </Representation>
          <Representation audience="de5">
            <Text>
              <taxon>Melampsora evonymi-caprearum</taxon>
              <taxonauthor>Kleb.</taxonauthor>, Sporenstadium II auf <taxon>Salix caprea</taxon>
              <taxonauthor>L.</taxonauthor>
            </Text>
          </Representation>
          <Representation audience="en5">
            <Text>
              <taxon>Melampsora evonymi-caprearum</taxon>
              <taxonauthor>Kleb.</taxonauthor>, spore stage II on <taxon>Salix caprea</taxon>
              <taxonauthor>L.</taxonauthor>
            </Text>
          </Representation>
        </Caption>
        <!-- Optionally Resources may be included rather than referencens through URIs. -->
        <EncodedData>R0lGODlhcgGSALMAAAQCAEMmCZtuMFQxDS8b</EncodedData>
      </MediaResource>
    </MediaResources>
  </Resources>
  <Descriptions>
    <NaturalLanguageDescription key="1">
      <Class keyref="4"/>
      <Citation>
        <Publication keyref="111"/>
        <Location>156</Location>
      </Citation>
      <InternalNotes>= Developer annotation</InternalNotes>
      <ApplicationData>
        <Application name="x" version="1.0"/>
      </ApplicationData>
      <Metadata>
        <Authors>
          <Agent keyref="1"/>
        </Authors>
        <Editors>
          <Agent keyref="2"/>
        </Editors>
        <InitiationDate>1999-08-13T00:00:00</InitiationDate>
        <LastRevisionDate>2003-11-05T00:00:00</LastRevisionDate>
        <RevisionStatus>Unrevised</RevisionStatus>
      </Metadata>
      <MediaResources>
        <MediaResource keyref="123"/>
      </MediaResources>
      <Description>
        <Text parsed="0">Natural language description may contain just the text, without any markup sor far!</Text>
      </Description>
    </NaturalLanguageDescription>
    <NaturalLanguageDescription key="2">
      <Object keyref="1"/>
      <Citation>
        <Publication keyref="112"/>
        <Location>#bookmark</Location>
      </Citation>
      <Metadata>
        <Authors>
          <Agent keyref="1"/>
        </Authors>
        <Editors>
          <Agent keyref="2"/>
        </Editors>
        <InitiationDate>1999-08-13T00:00:00</InitiationDate>
        <LastRevisionDate>2003-11-05T00:00:00</LastRevisionDate>
        <RevisionStatus>Unrevised</RevisionStatus>
      </Metadata>
      <Description>
        <Character keyref="1">
          <Text parsed="0">Text</Text>
        </Character>
        <Group keyref="1">
          <Character keyref="2">
            <Text parsed="0">Text</Text>
          </Character>
          <Character keyref="3">
            <Text parsed="0">Text</Text>
          </Character>
        </Group>
        <Group keyref="3">
          <Text parsed="0">Text</Text>
        </Group>
      </Description>
    </NaturalLanguageDescription>
  </Descriptions>
  <GuidedKeys>
    <GuidedKey key="1">
      <Label>
        <Representation audience="en5">
          <Text>Key to the <em>Families</em> of Higher Plants</Text>
        </Representation>
        <Representation audience="de5">
          <Text>Schlüssel zu den Familien der Höheren Pflanzen</Text>
        </Representation>
      </Label>
      <Lead key="1">
        <Statement>
          <Representation audience="en5">
            <Text>Key to the <em>Families</em> of Higher Plants</Text>
          </Representation>
        </Statement>
        <CodedStatements>
          <!-- Code statements translate the statement into character states from the terminology-->
          <State keyref="1"/>
        </CodedStatements>
        <InternalNotes>Discuss the issue of the redundant/empty first Statement!</InternalNotes>
        <Leads>
          <QuestionText>
            <Representation audience="en5">
              <Text>Is the plant mostly green?</Text>
            </Representation>
          </QuestionText>
          <Lead key="2">
            <Statement>
              <Representation audience="en5">
                <Text>yes</Text>
              </Representation>
            </Statement>
            <Leads>
              <QuestionText>
                <Representation audience="en5">
                  <Text>Are parts of the plant woody?</Text>
                </Representation>
              </QuestionText>
              <Lead key="3">
                <Statement>
                  <Representation audience="en5">
                    <Text>yes</Text>
                  </Representation>
                </Statement>
                <Class keyref="1"/>
                <!-- finishing here with class = taxon reference is nonsense, of course!-->
              </Lead>
              <Lead key="4">
                <Statement>
                  <Representation audience="en5">
                    <Text>no</Text>
                  </Representation>
                </Statement>
                <Class keyref="1"/>
                <!-- finishing here with class = taxon reference is nonsense, of course!-->
              </Lead>
            </Leads>
          </Lead>
          <Lead key="5">
            <Statement>
              <Representation audience="en5">
                <Text>no</Text>
              </Representation>
            </Statement>
            <Class keyref="1"/>
            <!-- finishing here with class = taxon reference is nonsense, of course!-->
          </Lead>
        </Leads>
      </Lead>
    </GuidedKey>
    <GuidedKey key="2">
      <Label>
        <Representation audience="en5">
          <Text>Multiple keys are possible. This one is the more normal type without QuestionText:</Text>
        </Representation>
      </Label>
      <Lead key="101">
        <Statement>
          <Representation audience="en5">
            <Text>...</Text>
          </Representation>
        </Statement>
        <Leads>
          <Lead key="102">
            <Statement>
              <Representation audience="en5">
                <Text>Plant mostly green</Text>
              </Representation>
            </Statement>
            <Leads>
              <Lead key="103">
                <Statement>
                  <Representation audience="en5">
                    <Text>woody parts</Text>
                  </Representation>
                </Statement>
                <Class keyref="1"/>
              </Lead>
              <Lead key="104">
                <Statement>
                  <Representation audience="en5">
                    <Text>no woody parts</Text>
                  </Representation>
                </Statement>
                <Class keyref="1"/>
              </Lead>
            </Leads>
          </Lead>
          <Lead key="105">
            <Statement>
              <Representation audience="en5">
                <Text>No  parts or plant are normally green (some may be greenish yellow)</Text>
              </Representation>
            </Statement>
            <Class keyref="1"/>
          </Lead>
        </Leads>
      </Lead>
    </GuidedKey>
  </GuidedKeys>
</Project>
