<?xml version="1.0" encoding="UTF-8"?>
<Project xmlns="http://www.tdwg.org/2003/SDD_09" xmlns:xsi="http://www.w3.org/2001/XMLSchema-instance" xsi:schemaLocation="http://www.tdwg.org/2003/SDD_09
Lisbon2003-SDD.xsd">
  <!-- version="Strawman 0.9 beta 19". This sample instance document is based on the instance document after SDD Brazil (2002) and has been extended and updated to incorporate all changes that were introduced during the Paris and Lisbon 2003 meetings. -->
  <!--The 'Generator' information refers only to the last generator that created this document. It does not imply that the data have been authored in the named application. This information is intended mainly for debugging purposes, or to recognize errors produced by certain generators -->
  <Generator Application="n/a, handcrafted instance document" Version="0.9 beta 17" Authors="normalizedString" Institution="BBA" Copyright="(c) G. Hagedorn, 2003" Routine="(optional information about within-application identifier or export routine/method)" TerminologyIsExtract="false" DescriptionIsExtract="false"/>
  <ProjectDefinition>
    <GloballyUniqueName>http://www.DiversityCampus.net/NS/MySchema</GloballyUniqueName>
    <Version>
      <Major>0</Major>
      <Minor>9</Minor>
      <Increment>17</Increment>
      <PublicationDate>
        <Year>2003</Year>
        <Month>11</Month>
        <Day>17</Day>
        <Time>14:20:00-05:00</Time>
        <DateText>(this could contain a weak verbal date expression like "ca. 1999-2001")</DateText>
      </PublicationDate>
    </Version>
    <Creators>
      <Authors>
        <Agent keyref="1"/>
      </Authors>
      <Editors>
        <Agent keyref="1"/>
        <Agent keyref="2"/>
      </Editors>
      <Contributors>
        <Agent keyref="3"/>
        <Agent keyref="4"/>
      </Contributors>
    </Creators>
    <ProjectInitiationDate>1999-08-13</ProjectInitiationDate>
    <LastRevisionDate>2003-11-05</LastRevisionDate>
    <RevisionStatus>Unrevised</RevisionStatus>
    <!-- The default audience is used whenever the setup of the application has no other preference specified. The user interface of the application may then allow to choose a different audience/language available. Elements which are language, but not audience specific use the language of the default audience.-->
    <DefaultAudience audience="en5"/>
    <LanguageSpecificData>
      <Representation lang="en">
        <Title>Flying Fishes of the world</Title>
        <Description>A digital field guide</Description>
        <Acknowledgement>The work was made possible by a grant from ...</Acknowledgement>
        <Disclaimer>Text</Disclaimer>
        <GeographicalCoverage>Global</GeographicalCoverage>
        <TaxonomicCoverage>Flying Fishes (Exocoetidae)</TaxonomicCoverage>
        <Rights>
          <CopyrightStatement>(c) 2002 Allmende Biological Research Station</CopyrightStatement>
          <CopyrightStatementLong>(c) 2002 Allmende Biological Research Station. All rights reserved. No part of this data may be....</CopyrightStatementLong>
          <UsageConditions>Can be freely used as long as ...</UsageConditions>
        </Rights>
      </Representation>
      <Representation lang="de">
        <Title>Fliegende Fische der Welt</Title>
        <GeographicalCoverage>Weltweit</GeographicalCoverage>
        <TaxonomicCoverage>Fliegende Fische (Exocoetidae)</TaxonomicCoverage>
        <Rights>
          <CopyrightStatement>(c) 2002 Allmende Biologische Forschungsstation</CopyrightStatement>
          <UsageConditions>Die Daten dürfen frei verwendet werden, solange ...</UsageConditions>
        </Rights>
      </Representation>
    </LanguageSpecificData>
    <SourcePublication keyref="111"/>
    <!-- (= optional reference if information in project came entirely from a single publication) -->
    <!-- Discussion whether to add: <GeographicalStdCoverage>no,se,fi,nl,de</GeographicalStdCoverage> -->
    <WebAddress>http://160.45.63.11/Projects/TDWG-SDD</WebAddress>
    <HistoryWebAddress>http://160.45.63.11/Projects/TDWG-SDD/Minutes/TDWG-SDD-Minutes.html</HistoryWebAddress>
    <ProjectIconURI keyref="123"/>
    <ApplicationData>
      <!-- Application specific information is placed in this collection of Application elements. Recommendation: Each application may read out its own information. Any other target information present should be preserved and output when a new document is generated. This is designed to support itempotent round tripping data between two applications. This implies that no dependency between, settings, descriptions, and the terminology setting should be relied upon. -->
      <Application name="LucID" version="2.1">
        <SomeElement>only for LucID</SomeElement>
        <x2>123</x2>
      </Application>
      <Application name="http://www.DiversityCampus.net/DiversityDescriptions">
        <ReportDefinitions>
          <ToHTML name="default">sdij324,234,,4565,,4,6456,,567,,567</ToHTML>
        </ReportDefinitions>
      </Application>
      <Application name="www.efgblade.cs.umb.edu">
        <Text>Text</Text>
      </Application>
    </ApplicationData>
  </ProjectDefinition>
  <Terminology>
    <Audiences>
      <!-- unlimited number of elements . The key values are arbitrary but recommended to take the form "languagecode + expertiselevel + letter to distinguish variants". For each (linguistic) audience defined here, labels, wordings and perhaps other elements may be defined differently throughout the rest of the instance document (as referenced by audience="xx") -->
      <Audience audiencekey="en1" lang="en" ExpertiseLevel="1">
        <LabelText>Schoolchildren (ca. grade 1 to 6)</LabelText>
        <Description>Vocabulary simplified as much as possible for schoolchildren (elementary school or ca. below 7th grade)</Description>
      </Audience>
      <Audience audiencekey="de1" lang="de" ExpertiseLevel="1">
        <LabelText>Schulkinder (ca. 1. bis 6. Schuljahr)</LabelText>
        <Description>Die verwendeten Audsrücke wurden so einfach wie möglich gehalten um Schulkindern bis ca. einschließlich der sechster Klasse den Zugang zu erleichtern.</Description>
      </Audience>
      <Audience audiencekey="en2" lang="en" ExpertiseLevel="2">
        <LabelText>Schoolchildren (ca. grade 7 to 10)</LabelText>
        <Description>Where possible, the vocabulary is simplified for schoolchildren (7th to 10th grade).</Description>
      </Audience>
      <Audience audiencekey="de2" lang="de" ExpertiseLevel="2">
        <LabelText>Schulkinder (ca. 7. bis 10. Schuljahr)</LabelText>
        <Description>Die verwendeten Audsrücke werden so einfach wie möglich gehalten um Schulkindern ca. zwischen der siebten und zehnten Klasse den Zugang zu erleichtern.</Description>
      </Audience>
      <Audience audiencekey="en3" lang="en" ExpertiseLevel="3">
        <LabelText>General public</LabelText>
        <Description>General public and high school (year 11 above). This setting tries to avoid specialized terminology or jargon.</Description>
      </Audience>
      <Audience audiencekey="de3" lang="de" ExpertiseLevel="3">
        <LabelText>x</LabelText>
        <Description>Diese Einstellung wendet sich an interessierte Amateure und Schülerinnen und Schüler ab der 11. Klasse. Auf spezialisierte Fachausdrücke wird nach Möglichkeit verzichtet.</Description>
      </Audience>
      <Audience audiencekey="en4" lang="en" ExpertiseLevel="4">
        <LabelText>University students</LabelText>
        <Description>This setting is intended for university students or (partly) trained personnel. It uses advanced terminology, but attempts to avoid or explain problematic terminology.</Description>
      </Audience>
      <Audience audiencekey="de4" lang="de" ExpertiseLevel="4">
        <LabelText>Studenten (Hochschule)</LabelText>
        <Description>Terminologie für Hochschulstudenten der ersten Semester oder trainiertes Personal. Fortgeschrittene Terminologie wird verwendet, aber problematische Fachausdrücke werden vermieden oder erläutert.</Description>
      </Audience>
      <Audience audiencekey="en5" lang="en" ExpertiseLevel="5">
        <LabelText>Experts</LabelText>
        <Description>This setting uses the full scope of expert terminology.</Description>
      </Audience>
      <Audience audiencekey="de5" lang="de" ExpertiseLevel="5">
        <LabelText>Experten</LabelText>
        <Description>Beschreibungen unter Verwendung des vollständigen Fachvokabulars.</Description>
      </Audience>
      <Audience audiencekey="fr5" lang="fr" ExpertiseLevel="5">
        <LabelText>expert</LabelText>
      </Audience>
      <!-- ExpertiseLevel should be 1 to 5. Recommendations for interpreting and choosing the expert level:
 1 = elementary school (year 1 to 6)
 2 = middle school (year 7 to 10)
 3 = high school (year 11 above) and general public (trying to avoid any specialized terminology or jargon)
 4 = university students or (partly) trained personnel (using terminology, but avoiding or explaining problematic terminology)
 5 = experts (using the full range of terminology) -->
    </Audiences>
    <Glossary>
      <GlossaryEntry key="999">
        <Representation audience="en5">
          <Term>semaphore</Term>
          <Definition>This text tries to define the concept of the term in <em>natural language</em>...</Definition>
          <Creators>
            <Authors>
              <Agent keyref="1"></Agent>
            </Authors>
            <Editors>
              <Agent keyref="2"></Agent>
            </Editors>
          </Creators>
          <ExternalReference>http://www.bba.de</ExternalReference>
          <Citations>
            <Citation>
              <Publication keyref="111"/>
              <Location>Text</Location>
            </Citation>
          </Citations>
          <MediaResources>
            <MediaResource keyref="123"/>
            <MediaResource keyref="124"/>
            <MediaResource keyref="125"/>
          </MediaResources>
          <BroaderTerms>
            <Term>information </Term>
            <Term>semantic</Term>
          </BroaderTerms>
          <SynonymousTerms>
            <Term>information bearer</Term>
            <Term>semantic variable</Term>
          </SynonymousTerms>
          <RelatedTerms>
            <Term>placeholder</Term>
            <Term>signal</Term>
            <Term>normalizedString</Term>
          </RelatedTerms>
          <InternalNotes>normalizedString</InternalNotes>
          <ApplicationData>
            <Application name="x"/>
          </ApplicationData>
        </Representation>
      </GlossaryEntry>
    </Glossary>
    <CodingStatusValues>
      <CodingStatus key="1">
        <Label>
          <Representation audience="en5">
            <Text>Text</Text>
            <Abbreviation>normalizedString</Abbreviation>
            <ExportToken>A</ExportToken>
            <Icon keyref="123"/>
            <Selector keyref="124"/>
            <Wording>
              <Text>Text<em>Text</em>
              </Text>
            </Wording>
          </Representation>
          <Representation audience="de5">
            <Text>Text</Text>
            <!-- This label is identical with the English one, which is permitted by the schema! -->
            <Abbreviation>normalizedString</Abbreviation>
            <ExportToken>A</ExportToken>
            <Wording>
              <Text>Text<em>Text</em>
              </Text>
            </Wording>
          </Representation>
        </Label>
        <GlossaryEntry keyref="999"/>
        <InternalNotes>normalizedString</InternalNotes>
        <ApplicationData>
          <Application name="x"/>
        </ApplicationData>
        <IsTemplateForNewDescriptions>false</IsTemplateForNewDescriptions>
        <Generalization>
          <BasicCodingStatus>ToBeCoded</BasicCodingStatus>
          <PresenceOfInformation>NotEvaluated</PresenceOfInformation>
        </Generalization>
      </CodingStatus>
      <CodingStatus key="2">
        <Label>
          <Representation audience="en5">
            <Text>Text2</Text>
            <Abbreviation>normalizedString</Abbreviation>
            <ExportToken>A</ExportToken>
            <Wording>
              <Text>Text<em>Text</em>
              </Text>
            </Wording>
          </Representation>
        </Label>
        <GlossaryEntry keyref="999"/>
        <InternalNotes>normalizedString</InternalNotes>
        <ApplicationData>
          <Application name="x"/>
        </ApplicationData>
        <IsTemplateForNewDescriptions>false</IsTemplateForNewDescriptions>
        <Generalization>
          <BasicCodingStatus>ToBeCoded</BasicCodingStatus>
          <PresenceOfInformation>NotEvaluated</PresenceOfInformation>
        </Generalization>
      </CodingStatus>
      <CodingStatus key="3">
        <Label>
          <Representation audience="en5">
            <Text>Text3</Text>
            <Abbreviation>normalizedString</Abbreviation>
            <ExportToken>A</ExportToken>
            <Wording>
              <Text>Text<em>Text</em>
              </Text>
            </Wording>
          </Representation>
        </Label>
        <GlossaryEntry keyref="999"/>
        <InternalNotes>normalizedString</InternalNotes>
        <ApplicationData>
          <Application name="x"/>
        </ApplicationData>
        <IsTemplateForNewDescriptions>false</IsTemplateForNewDescriptions>
        <Generalization>
          <BasicCodingStatus>ToBeCoded</BasicCodingStatus>
          <PresenceOfInformation>NotEvaluated</PresenceOfInformation>
        </Generalization>
      </CodingStatus>
    </CodingStatusValues>
    <StatisticalParameters>
      <StatisticalParameter key="1">
        <Label>
          <Representation audience="en5">
            <Text>Text1</Text>
            <Abbreviation>normalizedString</Abbreviation>
            <ExportToken>A</ExportToken>
            <Icon keyref="123"/>
            <Selector keyref="124"/>
            <Wording>
              <Text>Text<em>Text</em>
              </Text>
            </Wording>
          </Representation>
          <Representation audience="de5">
            <Text>Text2</Text>
            <Abbreviation>normalizedString</Abbreviation>
            <ExportToken>A</ExportToken>
            <Wording>
              <Text>Text<em>Text</em>
              </Text>
            </Wording>
          </Representation>
        </Label>
        <GlossaryEntry keyref="999"/>
        <InternalNotes>normalizedString</InternalNotes>
        <ApplicationData>
          <Application name="x"/>
        </ApplicationData>
        <IsTemplateForNewDescriptions>false</IsTemplateForNewDescriptions>
        <Generalization>
          <ReportingClass>normalizedString</ReportingClass>
          <Method>normalizedString</Method>
          <MethodValue>3.14159265358979</MethodValue>
        </Generalization>
      </StatisticalParameter>
      <StatisticalParameter key="2">
        <Label>
          <Representation audience="en5">
            <Text>Text2</Text>
            <Abbreviation>normalizedString</Abbreviation>
            <ExportToken>A</ExportToken>
            <Wording>
              <Text>Text<em>Text</em>
              </Text>
            </Wording>
          </Representation>
          <Representation audience="en5">
            <Text>Text2-de</Text>
            <Abbreviation>normalizedString</Abbreviation>
            <ExportToken>A</ExportToken>
            <Wording>
              <Text>Text<em>Text</em>
              </Text>
            </Wording>
          </Representation>
        </Label>
        <GlossaryEntry keyref="999"/>
        <InternalNotes>normalizedString</InternalNotes>
        <ApplicationData>
          <Application name="x"/>
        </ApplicationData>
        <IsTemplateForNewDescriptions>false</IsTemplateForNewDescriptions>
        <Generalization>
          <ReportingClass>normalizedString</ReportingClass>
          <Method>normalizedString</Method>
          <MethodValue>3.14159265358979</MethodValue>
        </Generalization>
      </StatisticalParameter>
      <StatisticalParameter key="3">
        <Label>
          <Representation audience="en5">
            <Text>Text3</Text>
            <Abbreviation>normalizedString</Abbreviation>
            <ExportToken>A</ExportToken>
          </Representation>
        </Label>
        <GlossaryEntry keyref="999"/>
        <InternalNotes>normalizedString</InternalNotes>
        <ApplicationData>
          <Application name="x"/>
        </ApplicationData>
        <IsTemplateForNewDescriptions>false</IsTemplateForNewDescriptions>
        <Generalization>
          <ReportingClass>normalizedString</ReportingClass>
          <Method>normalizedString</Method>
          <MethodValue>3.14159265358979</MethodValue>
        </Generalization>
      </StatisticalParameter>
    </StatisticalParameters>
    <Modifiers>
      <General>
        <Modifier key="1">
          <Label>
            <Representation audience="en5">
              <Text>Text<em>Text</em>
              </Text>
              <Abbreviation>normalizedString</Abbreviation>
              <ExportToken>A</ExportToken>
              <Wording>
                <TextBefore>Text<em>Text</em>
                </TextBefore>
                <TextAfter>Text<em>Text</em>
                </TextAfter>
              </Wording>
            </Representation>
          </Label>
          <GlossaryEntry keyref="999"/>
          <InternalNotes>normalizedString</InternalNotes>
          <ApplicationData>
            <Application name="x"/>
          </ApplicationData>
        </Modifier>
        <Modifier key="2">
          <Label>
            <Representation audience="en5">
              <Text>Mod2</Text>
              <Abbreviation>normalizedString</Abbreviation>
              <ExportToken>A</ExportToken>
              <Wording>
                <TextBefore>Text<em>Text</em>
                </TextBefore>
                <TextAfter>Text<em>Text</em>
                </TextAfter>
              </Wording>
            </Representation>
          </Label>
          <GlossaryEntry keyref="999"/>
          <InternalNotes>normalizedString</InternalNotes>
          <ApplicationData>
            <Application name="x"/>
          </ApplicationData>
        </Modifier>
        <Modifier key="3">
          <Label>
            <Representation audience="en5">
              <Text>Mod3</Text>
              <Abbreviation>normalizedString</Abbreviation>
              <ExportToken>A</ExportToken>
              <Wording>
                <TextBefore>Text<em>Text</em>
                </TextBefore>
                <TextAfter>Text<em>Text</em>
                </TextAfter>
              </Wording>
            </Representation>
          </Label>
          <GlossaryEntry keyref="999"/>
          <InternalNotes>normalizedString</InternalNotes>
          <ApplicationData>
            <Application name="x"/>
          </ApplicationData>
        </Modifier>
      </General>
      <Frequency>
        <Modifier key="4">
          <Label>
            <Representation audience="en5">
              <Text>Freq4</Text>
              <Abbreviation>normalizedString</Abbreviation>
              <ExportToken>A</ExportToken>
              <Wording>
                <TextBefore>Text<em>Text</em>
                </TextBefore>
                <TextAfter>Text<em>Text</em>
                </TextAfter>
              </Wording>
            </Representation>
          </Label>
          <GlossaryEntry keyref="999"/>
          <InternalNotes>normalizedString</InternalNotes>
          <ApplicationData>
            <Application name="x"/>
          </ApplicationData>
          <FrequencyRange>
            <LowerValue>1</LowerValue>
            <UpperValue>1</UpperValue>
          </FrequencyRange>
        </Modifier>
        <Modifier key="5">
          <Label>
            <Representation audience="en5">
              <Text>Freq5</Text>
              <Abbreviation>normalizedString</Abbreviation>
              <ExportToken>A</ExportToken>
              <Wording>
                <TextBefore>Text<em>Text</em>
                </TextBefore>
              </Wording>
            </Representation>
          </Label>
          <GlossaryEntry keyref="999"/>
          <InternalNotes>normalizedString</InternalNotes>
          <ApplicationData>
            <Application name="x"/>
          </ApplicationData>
          <FrequencyRange>
            <LowerValue>1</LowerValue>
            <UpperValue>1</UpperValue>
          </FrequencyRange>
        </Modifier>
        <Modifier key="6">
          <Label>
            <Representation audience="en5">
              <Text>Freq6</Text>
              <Abbreviation>normalizedString</Abbreviation>
              <ExportToken>A</ExportToken>
              <Wording>
                <TextBefore>Text<em>Text</em>
                </TextBefore>
                <TextAfter>Text<em>Text</em>
                </TextAfter>
              </Wording>
            </Representation>
          </Label>
          <GlossaryEntry keyref="999"/>
          <InternalNotes>normalizedString</InternalNotes>
          <ApplicationData>
            <Application name="x"/>
          </ApplicationData>
          <FrequencyRange>
            <LowerValue>1</LowerValue>
            <UpperValue>1</UpperValue>
          </FrequencyRange>
        </Modifier>
      </Frequency>
      <Uncertainty>
        <Modifier key="7">
          <Label>
            <Representation audience="en5">
              <Text>Uncertainty7</Text>
              <Abbreviation>normalizedString</Abbreviation>
              <ExportToken>A</ExportToken>
              <Wording>
                <TextBefore>Text<em>Text</em>
                </TextBefore>
                <TextAfter>Text<em>Text</em>
                </TextAfter>
              </Wording>
            </Representation>
          </Label>
          <GlossaryEntry keyref="999"/>
          <InternalNotes>normalizedString</InternalNotes>
          <ApplicationData>
            <Application name="x"/>
          </ApplicationData>
          <ProbabilityRange>
            <LowerValue>1</LowerValue>
            <UpperValue>1</UpperValue>
          </ProbabilityRange>
          <IsTrueByMisinterpretation>false</IsTrueByMisinterpretation>
        </Modifier>
        <Modifier key="8">
          <Label>
            <Representation audience="en5">
              <Text>Uncertainty8</Text>
              <Abbreviation>normalizedString</Abbreviation>
              <ExportToken>A</ExportToken>
              <Wording>
                <TextBefore>Text<em>Text</em>
                </TextBefore>
                <TextAfter>Text<em>Text</em>
                </TextAfter>
              </Wording>
            </Representation>
          </Label>
          <GlossaryEntry keyref="999"/>
          <InternalNotes>normalizedString</InternalNotes>
          <ApplicationData>
            <Application name="x"/>
          </ApplicationData>
          <ProbabilityRange>
            <LowerValue>1</LowerValue>
            <UpperValue>1</UpperValue>
          </ProbabilityRange>
          <IsTrueByMisinterpretation>false</IsTrueByMisinterpretation>
        </Modifier>
        <Modifier key="9">
          <Label>
            <Representation audience="en5">
              <Text>Uncertainty9</Text>
              <Abbreviation>normalizedString</Abbreviation>
              <ExportToken>A</ExportToken>
              <Wording>
                <TextBefore>Text<em>Text</em>
                </TextBefore>
                <TextAfter>Text<em>Text</em>
                </TextAfter>
              </Wording>
            </Representation>
          </Label>
          <GlossaryEntry keyref="999"/>
          <InternalNotes>normalizedString</InternalNotes>
          <ApplicationData>
            <Application name="x"/>
          </ApplicationData>
          <ProbabilityRange>
            <LowerValue>1</LowerValue>
            <UpperValue>1</UpperValue>
          </ProbabilityRange>
          <IsTrueByMisinterpretation>false</IsTrueByMisinterpretation>
        </Modifier>
      </Uncertainty>
      <Sets>
        <Set key="1">
          <Label>
            <Representation audience="en5">
              <Text>Standard uncertainty modifiers</Text>
            </Representation>
          </Label>
          <Modifiers>
            <Uncertainty>
              <Modifier keyref="7"/>
              <Modifier keyref="8"/>
              <Modifier keyref="9"/>
            </Uncertainty>
          </Modifiers>
        </Set>
        <Set key="3">
          <Label>
            <Representation audience="en5">
              <Text>Modifier set for presence/absence characters</Text>
            </Representation>
          </Label>
          <Modifiers>
            <General>
              <Modifier keyref="1"/>
              <Modifier keyref="2"/>
            </General>
          </Modifiers>
        </Set>
        <Set key="4">
          <Label>
            <Representation audience="en5">
              <Text>Modifier set for standard categorical characters</Text>
            </Representation>
          </Label>
          <Modifiers>
            <General>
              <Modifier keyref="1"/>
              <Modifier keyref="2"/>
              <Modifier keyref="3"/>
            </General>
            <Frequency>
              <Modifier keyref="4"/>
              <Modifier keyref="5"/>
            </Frequency>
          </Modifiers>
        </Set>
        <Set key="5">
          <Label>
            <Representation audience="en5">
              <Text>Modifier set for colors</Text>
            </Representation>
          </Label>
          <Modifiers>
            <General>
              <Modifier keyref="3"/>
            </General>
            <Frequency>
              <Modifier keyref="4"/>
              <Modifier keyref="5"/>
            </Frequency>
          </Modifiers>
        </Set>
      </Sets>
    </Modifiers>
    <Characters>
      <Character key="1">
        <Label>
          <Representation audience="en5">
            <Text>Text</Text>
            <Abbreviation>normalizedString</Abbreviation>
            <ExportToken>A</ExportToken>
            <Icon keyref="123"/>
            <Selector keyref="124"/>
          </Representation>
        </Label>
        <GlossaryEntry keyref="999"/>
        <InternalNotes>normalizedString</InternalNotes>
        <RevisionStatus>Unrevised</RevisionStatus>
        <Type>interval</Type>
        <MeasurementUnit Postfix="true">Text<em>Text</em>
          <em>Text</em>
          <em>Text</em>
        </MeasurementUnit>
        <StatisticalParameters>
          <StatisticalParameter keyref="1" key="1"/>
          <StatisticalParameter keyref="2" key="2"/>
          <StatisticalParameter keyref="3" key="3"/>
        </StatisticalParameters>
        <Mappings>
          <Mapping>
            <From LowerValue="0" UpperValue="3"/>
            <To keyref="1"/>
          </Mapping>
          <Mapping>
            <From LowerValue="3" UpperValue="10"/>
            <To keyref="2"/>
          </Mapping>
          <Mapping>
            <From LowerValue="4" UpperValue="10000000"/>
            <To keyref="3"/>
          </Mapping>
        </Mappings>
        <States>
          <StateDefinition key="1">
            <Label>
              <Representation audience="en5">
                <Text>Text<em>Text</em>
                </Text>
                <Abbreviation>normalizedString</Abbreviation>
                <ExportToken>A</ExportToken>
                <Icon keyref="123"/>
                <Selector keyref="124"/>
                <Wording>
                  <Text>Text<em>Text</em>
                  </Text>
                </Wording>
              </Representation>
              <Representation audience="en5">
                <Text>Text<em>Text</em>
                </Text>
                <Abbreviation>normalizedString</Abbreviation>
                <ExportToken>A</ExportToken>
                <Wording>
                  <Text>Text<em>Text</em>
                  </Text>
                </Wording>
              </Representation>
              <Representation audience="en5">
                <Text>Text<em>Text</em>
                </Text>
                <Abbreviation>normalizedString</Abbreviation>
                <ExportToken>A</ExportToken>
                <Wording>
                  <Text>Text<em>Text</em>
                  </Text>
                </Wording>
              </Representation>
            </Label>
            <GlossaryEntry keyref="999"/>
            <InternalNotes>normalizedString</InternalNotes>
            <ApplicationData>
              <Application name="x"/>
            </ApplicationData>
            <IsTemplateForNewDescriptions>false</IsTemplateForNewDescriptions>
            <IsAnalyticalState>true</IsAnalyticalState>
          </StateDefinition>
          <StateDefinition key="2">
            <Label>
              <Representation audience="en5">
                <Text>Text<em>Text</em>
                </Text>
                <Abbreviation>normalizedString</Abbreviation>
                <ExportToken>A</ExportToken>
                <Wording>
                  <Text>Text<em>Text</em>
                  </Text>
                </Wording>
              </Representation>
              <Representation audience="en5">
                <Text>Text<em>Text</em>
                </Text>
                <Abbreviation>normalizedString</Abbreviation>
                <ExportToken>A</ExportToken>
                <Wording>
                  <Text>Text<em>Text</em>
                  </Text>
                </Wording>
              </Representation>
              <Representation audience="en5">
                <Text>Text<em>Text</em>
                </Text>
                <Abbreviation>normalizedString</Abbreviation>
                <ExportToken>A</ExportToken>
                <Wording>
                  <Text>Text<em>Text</em>
                  </Text>
                </Wording>
              </Representation>
            </Label>
            <GlossaryEntry keyref="999"/>
            <InternalNotes>normalizedString</InternalNotes>
            <ApplicationData>
              <Application name="x"/>
            </ApplicationData>
            <IsTemplateForNewDescriptions>false</IsTemplateForNewDescriptions>
            <IsAnalyticalState>true</IsAnalyticalState>
          </StateDefinition>
          <StateDefinition key="3">
            <Label>
              <Representation audience="en5">
                <Text>Text<em>Text</em>
                </Text>
                <Abbreviation>normalizedString</Abbreviation>
                <ExportToken>A</ExportToken>
                <Wording>
                  <Text>Text<em>Text</em>
                  </Text>
                </Wording>
              </Representation>
            </Label>
            <GlossaryEntry keyref="999"/>
            <InternalNotes>normalizedString</InternalNotes>
            <ApplicationData>
              <Application name="x"/>
            </ApplicationData>
            <IsTemplateForNewDescriptions>false</IsTemplateForNewDescriptions>
            <IsAnalyticalState>true</IsAnalyticalState>
          </StateDefinition>
          <AutoAddFrom>
            <StateSet keyref="1"/>
            <StateSet keyref="2"/>
            <StateSet keyref="3"/>
          </AutoAddFrom>
        </States>
        <Modifiers>
          <ModifierSet keyref="1"/>
          <ModifierSet keyref="4"/>
        </Modifiers>
        <ApplicationData>
          <Application name="x"/>
        </ApplicationData>
      </Character>
      <Character key="2">
        <Label>
          <Representation audience="en5">
            <Text>Char 2</Text>
            <Abbreviation>normalizedString</Abbreviation>
            <ExportToken>A</ExportToken>
          </Representation>
        </Label>
        <GlossaryEntry keyref="999"/>
        <InternalNotes>normalizedString</InternalNotes>
        <RevisionStatus>Unrevised</RevisionStatus>
        <Type>interval</Type>
        <MeasurementUnit Postfix="true">Text<em>Text</em>
          <em>Text</em>
          <em>Text</em>
        </MeasurementUnit>
        <StatisticalParameters>
          <StatisticalParameter keyref="1" key="4"/>
          <StatisticalParameter keyref="2" key="5"/>
          <StatisticalParameter keyref="3" key="6"/>
        </StatisticalParameters>
        <States>
          <StateDefinition key="4">
            <Label>
              <Representation audience="en5">
                <Text>Text<em>Text</em>
                </Text>
                <Abbreviation>normalizedString</Abbreviation>
                <ExportToken>A</ExportToken>
                <Wording>
                  <Text>Text<em>Text</em>
                  </Text>
                </Wording>
              </Representation>
            </Label>
            <GlossaryEntry keyref="999"/>
            <InternalNotes>normalizedString</InternalNotes>
            <ApplicationData>
              <Application name="x"/>
            </ApplicationData>
            <IsTemplateForNewDescriptions>false</IsTemplateForNewDescriptions>
            <IsAnalyticalState>true</IsAnalyticalState>
          </StateDefinition>
          <StateDefinition key="5">
            <Label>
              <Representation audience="en5">
                <Text>Text<em>Text</em>
                </Text>
                <Abbreviation>normalizedString</Abbreviation>
                <ExportToken>A</ExportToken>
                <Wording>
                  <Text>Text<em>Text</em>
                  </Text>
                </Wording>
              </Representation>
            </Label>
            <GlossaryEntry keyref="999"/>
            <InternalNotes>normalizedString</InternalNotes>
            <ApplicationData>
              <Application name="x"/>
            </ApplicationData>
            <IsTemplateForNewDescriptions>false</IsTemplateForNewDescriptions>
            <IsAnalyticalState>true</IsAnalyticalState>
          </StateDefinition>
          <StateDefinition key="6">
            <Label>
              <Representation audience="en5">
                <Text>Text<em>Text</em>
                </Text>
                <Abbreviation>normalizedString</Abbreviation>
                <ExportToken>A</ExportToken>
                <Wording>
                  <Text>Text<em>Text</em>
                  </Text>
                </Wording>
              </Representation>
            </Label>
            <GlossaryEntry keyref="999"/>
            <InternalNotes>normalizedString</InternalNotes>
            <ApplicationData>
              <Application name="x"/>
            </ApplicationData>
            <IsTemplateForNewDescriptions>false</IsTemplateForNewDescriptions>
            <IsAnalyticalState>true</IsAnalyticalState>
          </StateDefinition>
          <AutoAddFrom>
            <StateSet keyref="1"/>
            <StateSet keyref="2"/>
          </AutoAddFrom>
        </States>
        <ApplicationData>
          <Application name="x"/>
        </ApplicationData>
      </Character>
      <Character key="3">
        <Label>
          <Representation audience="en5">
            <Text>Char 3</Text>
            <Abbreviation>normalizedString</Abbreviation>
            <ExportToken>A</ExportToken>
          </Representation>
        </Label>
        <GlossaryEntry keyref="999"/>
        <InternalNotes>normalizedString</InternalNotes>
        <RevisionStatus>Unrevised</RevisionStatus>
        <Type>interval</Type>
        <States>
          <StateDefinition key="7">
            <Label>
              <Representation audience="en5">
                <Text>Text<em>Text</em>
                </Text>
                <Abbreviation>normalizedString</Abbreviation>
                <ExportToken>A</ExportToken>
                <Wording>
                  <Text>Text<em>Text</em>
                  </Text>
                </Wording>
              </Representation>
            </Label>
            <GlossaryEntry keyref="999"/>
            <InternalNotes>normalizedString</InternalNotes>
            <ApplicationData>
              <Application name="x"/>
            </ApplicationData>
            <IsTemplateForNewDescriptions>false</IsTemplateForNewDescriptions>
            <IsAnalyticalState>true</IsAnalyticalState>
          </StateDefinition>
          <StateDefinition key="8">
            <Label>
              <Representation audience="en5">
                <Text>Text<em>Text</em>
                </Text>
                <Abbreviation>normalizedString</Abbreviation>
                <ExportToken>A</ExportToken>
                <Wording>
                  <Text>Text<em>Text</em>
                  </Text>
                </Wording>
              </Representation>
            </Label>
            <GlossaryEntry keyref="999"/>
            <InternalNotes>normalizedString</InternalNotes>
            <ApplicationData>
              <Application name="x"/>
            </ApplicationData>
            <IsTemplateForNewDescriptions>false</IsTemplateForNewDescriptions>
            <IsAnalyticalState>true</IsAnalyticalState>
          </StateDefinition>
          <StateDefinition key="9">
            <Label>
              <Representation audience="en5">
                <Text>Text<em>Text</em>
                </Text>
                <Abbreviation>normalizedString</Abbreviation>
                <ExportToken>A</ExportToken>
                <Wording>
                  <Text>Text<em>Text</em>
                  </Text>
                </Wording>
              </Representation>
            </Label>
            <GlossaryEntry keyref="999"/>
            <InternalNotes>normalizedString</InternalNotes>
            <ApplicationData>
              <Application name="x"/>
            </ApplicationData>
            <IsTemplateForNewDescriptions>false</IsTemplateForNewDescriptions>
            <IsAnalyticalState>true</IsAnalyticalState>
          </StateDefinition>
        </States>
        <ApplicationData>
          <Application name="x"/>
        </ApplicationData>
      </Character>
    </Characters>
    <CharacterTrees>
      <CharacterTree key="0">
        <Label>
          <Representation audience="en5">
            <Text>Text</Text>
          </Representation>
        </Label>
        <Type>PropertyHierarchy</Type>
        <Purposes>
          <Purpose>GeneralDefault</Purpose>
          <Purpose>GeneralDefault</Purpose>
          <Purpose>GeneralDefault</Purpose>
        </Purposes>
        <Group key="1">
          <Label>
            <Representation audience="en5">
              <Text>Text<em>Text</em>
              </Text>
              <Abbreviation>normalizedString</Abbreviation>
              <ExportToken>A</ExportToken>
              <Wording>
                <TextBefore>Text<em>Text</em>
                </TextBefore>
                <TextAfter>Text<em>Text</em>
                </TextAfter>
                <DelimiterText>Text<em>Text</em>
                </DelimiterText>
                <LastDelimiterText>Text<em>Text</em>
                </LastDelimiterText>
              </Wording>
            </Representation>
            <Representation audience="en5">
              <Text>Text<em>Text</em>
              </Text>
              <Abbreviation>normalizedString</Abbreviation>
              <ExportToken>A</ExportToken>
              <Wording>
                <TextBefore>Text<em>Text</em>
                </TextBefore>
                <TextAfter>Text<em>Text</em>
                </TextAfter>
                <DelimiterText>Text<em>Text</em>
                </DelimiterText>
                <LastDelimiterText>Text<em>Text</em>
                </LastDelimiterText>
              </Wording>
            </Representation>
            <Representation audience="en5">
              <Text>Text<em>Text</em>
              </Text>
              <Abbreviation>normalizedString</Abbreviation>
              <ExportToken>A</ExportToken>
              <Wording>
                <TextBefore>Text<em>Text</em>
                </TextBefore>
                <TextAfter>Text<em>Text</em>
                </TextAfter>
                <DelimiterText>Text<em>Text</em>
                </DelimiterText>
                <LastDelimiterText>Text<em>Text</em>
                </LastDelimiterText>
              </Wording>
            </Representation>
          </Label>
          <GlossaryEntry keyref="999"/>
          <InternalNotes>normalizedString</InternalNotes>
          <DependencyRules>
            <OnlyApplicableIf>
              <State keyref="1"/>
              <State keyref="2"/>
            </OnlyApplicableIf>
            <InapplicableIf>
              <State keyref="3"/>
            </InapplicableIf>
          </DependencyRules>
          <GenericStates>
            <StateDefinition key="10">
              <Label>
                <Representation audience="en5">
                  <Text>Text<em>Text</em>
                  </Text>
                  <Abbreviation>normalizedString</Abbreviation>
                  <ExportToken>A</ExportToken>
                  <Wording>
                    <Text>Text<em>Text</em>
                    </Text>
                  </Wording>
                </Representation>
                <Representation audience="en5">
                  <Text>Text<em>Text</em>
                  </Text>
                  <Abbreviation>normalizedString</Abbreviation>
                  <ExportToken>A</ExportToken>
                  
                  <Wording>
                    <Text>Text<em>Text</em>
                    </Text>
                  </Wording>
                </Representation>
                <Representation audience="en5">
                  <Text>Text<em>Text</em>
                  </Text>
                  <Abbreviation>normalizedString</Abbreviation>
                  <ExportToken>A</ExportToken>
                  <Wording>
                    <Text>Text<em>Text</em>
                    </Text>
                  </Wording>
                </Representation>
              </Label>
              <GlossaryEntry keyref="999"/>
              <InternalNotes>normalizedString</InternalNotes>
              <ApplicationData>
                <Application name="x"/>
              </ApplicationData>
              <IsTemplateForNewDescriptions>false</IsTemplateForNewDescriptions>
              <IsAnalyticalState>true</IsAnalyticalState>
            </StateDefinition>
            <StateDefinition key="11">
              <Label>
                <Representation audience="en5">
                  <Text>Text<em>Text</em>
                  </Text>
                  <Abbreviation>normalizedString</Abbreviation>
                  <ExportToken>A</ExportToken>
                  <Wording>
                    <Text>Text<em>Text</em>
                    </Text>
                  </Wording>
                </Representation>
                <Representation audience="en5">
                  <Text>Text<em>Text</em>
                  </Text>
                  <Abbreviation>normalizedString</Abbreviation>
                  <ExportToken>A</ExportToken>
                  <Wording>
                    <Text>Text<em>Text</em>
                    </Text>
                  </Wording>
                </Representation>
                <Representation audience="en5">
                  <Text>Text<em>Text</em>
                  </Text>
                  <Abbreviation>normalizedString</Abbreviation>
                  <ExportToken>A</ExportToken>
                  <Wording>
                    <Text>Text<em>Text</em>
                    </Text>
                  </Wording>
                </Representation>
              </Label>
              <GlossaryEntry keyref="999"/>
              <InternalNotes>normalizedString</InternalNotes>
              <ApplicationData>
                <Application name="x"/>
              </ApplicationData>
              <IsTemplateForNewDescriptions>false</IsTemplateForNewDescriptions>
              <IsAnalyticalState>true</IsAnalyticalState>
            </StateDefinition>
            <StateDefinition key="12">
              <Label>
                <Representation audience="en5">
                  <Text>Text<em>Text</em>
                  </Text>
                  <Abbreviation>normalizedString</Abbreviation>
                  <ExportToken>A</ExportToken>
                  <Wording>
                    <Text>Text<em>Text</em>
                    </Text>
                  </Wording>
                </Representation>
                <Representation audience="en5">
                  <Text>Text<em>Text</em>
                  </Text>
                  <Abbreviation>normalizedString</Abbreviation>
                  <ExportToken>A</ExportToken>
                  <Wording>
                    <Text>Text<em>Text</em>
                    </Text>
                  </Wording>
                </Representation>
                <Representation audience="en5">
                  <Text>Text<em>Text</em>
                  </Text>
                  <Abbreviation>normalizedString</Abbreviation>
                  <ExportToken>A</ExportToken>
                  <Wording>
                    <Text>Text<em>Text</em>
                    </Text>
                  </Wording>
                </Representation>
              </Label>
              <GlossaryEntry keyref="999"/>
              <InternalNotes>normalizedString</InternalNotes>
              <ApplicationData>
                <Application name="x"/>
              </ApplicationData>
              <IsTemplateForNewDescriptions>false</IsTemplateForNewDescriptions>
              <IsAnalyticalState>true</IsAnalyticalState>
            </StateDefinition>
          </GenericStates>
          <ApplicationData>
            <Application name="x"/>
          </ApplicationData>
        </Group>
        <ApplicationData>
          <Application name="x"/>
        </ApplicationData>
      </CharacterTree>
      <CharacterTree key="0">
        <Label>
          <Representation audience="en5">
            <Text>Text<em>Text</em>
            </Text>
          </Representation>
          <Representation audience="en5">
            <Text>Text<em>Text</em>
            </Text>
          </Representation>
          <Representation audience="en5">
            <Text>Text<em>Text</em>
            </Text>
          </Representation>
        </Label>
        <Type>PropertyHierarchy</Type>
        <Purposes>
          <Purpose>GeneralDefault</Purpose>
          <Purpose>GeneralDefault</Purpose>
          <Purpose>GeneralDefault</Purpose>
        </Purposes>
        <Group key="2">
          <Label>
            <Representation audience="en5">
              <Text>Text<em>Text</em>
              </Text>
              <Abbreviation>normalizedString</Abbreviation>
              <ExportToken>A</ExportToken>
              <Wording>
                <TextBefore>Text<em>Text</em>
                </TextBefore>
                <TextAfter>Text<em>Text</em>
                </TextAfter>
                <DelimiterText>Text<em>Text</em>
                </DelimiterText>
                <LastDelimiterText>Text<em>Text</em>
                </LastDelimiterText>
              </Wording>
            </Representation>
            <Representation audience="en5">
              <Text>Text<em>Text</em>
              </Text>
              <Abbreviation>normalizedString</Abbreviation>
              <ExportToken>A</ExportToken>
              <Wording>
                <TextBefore>Text<em>Text</em>
                </TextBefore>
                <TextAfter>Text<em>Text</em>
                </TextAfter>
                <DelimiterText>Text<em>Text</em>
                </DelimiterText>
                <LastDelimiterText>Text<em>Text</em>
                </LastDelimiterText>
              </Wording>
            </Representation>
            <Representation audience="en5">
              <Text>Text<em>Text</em>
              </Text>
              <Abbreviation>normalizedString</Abbreviation>
              <ExportToken>A</ExportToken>
              <Wording>
                <TextBefore>Text<em>Text</em>
                </TextBefore>
                <TextAfter>Text<em>Text</em>
                </TextAfter>
                <DelimiterText>Text<em>Text</em>
                </DelimiterText>
                <LastDelimiterText>Text<em>Text</em>
                </LastDelimiterText>
              </Wording>
            </Representation>
          </Label>
          <GlossaryEntry keyref="999"/>
          <InternalNotes>normalizedString</InternalNotes>
          <DependencyRules>
            <InapplicableIf>
              <State keyref="4"/>
            </InapplicableIf>
          </DependencyRules>
          <GenericStates>
            <StateDefinition key="13">
              <Label>
                <Representation audience="en5">
                  <Text>Text<em>Text</em>
                  </Text>
                  <Abbreviation>normalizedString</Abbreviation>
                  <ExportToken>A</ExportToken>
                  <Wording>
                    <Text>Text<em>Text</em>
                    </Text>
                  </Wording>
                </Representation>
                <Representation audience="en5">
                  <Text>Text<em>Text</em>
                  </Text>
                  <Abbreviation>normalizedString</Abbreviation>
                  <ExportToken>A</ExportToken>
                  <Wording>
                    <Text>Text<em>Text</em>
                    </Text>
                  </Wording>
                </Representation>
                <Representation audience="en5">
                  <Text>Text<em>Text</em>
                  </Text>
                  <Abbreviation>normalizedString</Abbreviation>
                  <ExportToken>A</ExportToken>
                  <Wording>
                    <Text>Text<em>Text</em>
                    </Text>
                  </Wording>
                </Representation>
              </Label>
              <GlossaryEntry keyref="999"/>
              <InternalNotes>normalizedString</InternalNotes>
              <ApplicationData>
                <Application name="x"/>
              </ApplicationData>
              <IsTemplateForNewDescriptions>false</IsTemplateForNewDescriptions>
              <IsAnalyticalState>true</IsAnalyticalState>
            </StateDefinition>
            <StateDefinition key="14">
              <Label>
                <Representation audience="en5">
                  <Text>Text<em>Text</em>
                  </Text>
                  <Abbreviation>normalizedString</Abbreviation>
                  <ExportToken>A</ExportToken>
                  <Wording>
                    <Text>Text<em>Text</em>
                    </Text>
                  </Wording>
                </Representation>
                <Representation audience="en5">
                  <Text>Text<em>Text</em>
                  </Text>
                  <Abbreviation>normalizedString</Abbreviation>
                  <ExportToken>A</ExportToken>
                  <Wording>
                    <Text>Text<em>Text</em>
                    </Text>
                  </Wording>
                </Representation>
                <Representation audience="en5">
                  <Text>Text<em>Text</em>
                  </Text>
                  <Abbreviation>normalizedString</Abbreviation>
                  <ExportToken>A</ExportToken>
                  <Wording>
                    <Text>Text<em>Text</em>
                    </Text>
                  </Wording>
                </Representation>
              </Label>
              <GlossaryEntry keyref="999"/>
              <InternalNotes>normalizedString</InternalNotes>
              <ApplicationData>
                <Application name="x"/>
              </ApplicationData>
              <IsTemplateForNewDescriptions>false</IsTemplateForNewDescriptions>
              <IsAnalyticalState>true</IsAnalyticalState>
            </StateDefinition>
            <StateDefinition key="15">
              <Label>
                <Representation audience="en5">
                  <Text>Text<em>Text</em>
                  </Text>
                  <Abbreviation>normalizedString</Abbreviation>
                  <ExportToken>A</ExportToken>
                  <Wording>
                    <Text>Text<em>Text</em>
                    </Text>
                  </Wording>
                </Representation>
                <Representation audience="en5">
                  <Text>Text<em>Text</em>
                  </Text>
                  <Abbreviation>normalizedString</Abbreviation>
                  <ExportToken>A</ExportToken>
                  <Wording>
                    <Text>Text<em>Text</em>
                    </Text>
                  </Wording>
                </Representation>
                <Representation audience="en5">
                  <Text>Text<em>Text</em>
                  </Text>
                  <Abbreviation>normalizedString</Abbreviation>
                  <ExportToken>A</ExportToken>
                  <Wording>
                    <Text>Text<em>Text</em>
                    </Text>
                  </Wording>
                </Representation>
              </Label>
              <GlossaryEntry keyref="999"/>
              <InternalNotes>normalizedString</InternalNotes>
              <ApplicationData>
                <Application name="x"/>
              </ApplicationData>
              <IsTemplateForNewDescriptions>false</IsTemplateForNewDescriptions>
              <IsAnalyticalState>true</IsAnalyticalState>
            </StateDefinition>
          </GenericStates>
          <ApplicationData>
            <Application name="x"/>
          </ApplicationData>
        </Group>
        <ApplicationData>
          <Application name="x"/>
        </ApplicationData>
      </CharacterTree>
      <CharacterTree key="0">
        <Label>
          <Representation audience="en5">
            <Text>Text<em>Text</em>
            </Text>
          </Representation>
          <Representation audience="en5">
            <Text>Text<em>Text</em>
            </Text>
          </Representation>
          <Representation audience="en5">
            <Text>Text<em>Text</em>
            </Text>
          </Representation>
        </Label>
        <Type>PropertyHierarchy</Type>
        <Purposes>
          <Purpose>GeneralDefault</Purpose>
          <Purpose>GeneralDefault</Purpose>
          <Purpose>GeneralDefault</Purpose>
        </Purposes>
        <Group key="3">
          <Label>
            <Representation audience="en5">
              <Text>Text<em>Text</em>
              </Text>
              <Abbreviation>normalizedString</Abbreviation>
              <ExportToken>A</ExportToken>
              <Wording>
                <TextBefore>Text<em>Text</em>
                </TextBefore>
                <TextAfter>Text<em>Text</em>
                </TextAfter>
                <DelimiterText>Text<em>Text</em>
                </DelimiterText>
                <LastDelimiterText>Text<em>Text</em>
                </LastDelimiterText>
              </Wording>
            </Representation>
          </Label>
          <GlossaryEntry keyref="999"/>
          <InternalNotes>normalizedString</InternalNotes>
          <DependencyRules>
            <OnlyApplicableIf>
              <State keyref="1"/>
            </OnlyApplicableIf>
          </DependencyRules>
          <GenericStates>
            <StateDefinition key="16">
              <Label>
                <Representation audience="en5">
                  <Text>Text<em>Text</em>
                  </Text>
                  <Abbreviation>normalizedString</Abbreviation>
                  <ExportToken>A</ExportToken>
                  <Wording>
                    <Text>Text<em>Text</em>
                    </Text>
                  </Wording>
                </Representation>
              </Label>
              <GlossaryEntry keyref="999"/>
              <InternalNotes>normalizedString</InternalNotes>
              <ApplicationData>
                <Application name="x"/>
              </ApplicationData>
              <IsTemplateForNewDescriptions>false</IsTemplateForNewDescriptions>
              <IsAnalyticalState>true</IsAnalyticalState>
            </StateDefinition>
            <StateDefinition key="17">
              <Label>
                <Representation audience="en5">
                  <Text>Text<em>Text</em>
                  </Text>
                  <Abbreviation>normalizedString</Abbreviation>
                  <ExportToken>A</ExportToken>
                  <Wording>
                    <Text>Text<em>Text</em>
                    </Text>
                  </Wording>
                </Representation>
              </Label>
              <GlossaryEntry keyref="999"/>
              <InternalNotes>normalizedString</InternalNotes>
              <ApplicationData>
                <Application name="x"/>
              </ApplicationData>
              <IsTemplateForNewDescriptions>false</IsTemplateForNewDescriptions>
              <IsAnalyticalState>true</IsAnalyticalState>
            </StateDefinition>
            <StateDefinition key="18">
              <Label>
                <Representation audience="en5">
                  <Text>Text<em>Text</em>
                  </Text>
                  <Abbreviation>normalizedString</Abbreviation>
                  <ExportToken>A</ExportToken>
                  <Wording>
                    <Text>Text<em>Text</em>
                    </Text>
                  </Wording>
                </Representation>
                <Representation audience="en5">
                  <Text>Text<em>Text</em>
                  </Text>
                  <Abbreviation>normalizedString</Abbreviation>
                  <ExportToken>A</ExportToken>
                  <Wording>
                    <Text>Text<em>Text</em>
                    </Text>
                  </Wording>
                </Representation>
                <Representation audience="en5">
                  <Text>Text<em>Text</em>
                  </Text>
                  <Abbreviation>normalizedString</Abbreviation>
                  <ExportToken>A</ExportToken>
                  <Wording>
                    <Text>Text<em>Text</em>
                    </Text>
                  </Wording>
                </Representation>
              </Label>
              <GlossaryEntry keyref="999"/>
              <InternalNotes>normalizedString</InternalNotes>
              <IsAnalyticalState>true</IsAnalyticalState>
            </StateDefinition>
          </GenericStates>
          <ApplicationData>
            <Application name="x"/>
          </ApplicationData>
        </Group>
        <ApplicationData>
          <Application name="x"/>
        </ApplicationData>
      </CharacterTree>
    </CharacterTrees>
  </Terminology>

    
      <Entities>
    <Classes>
      <Class key="1">
        <!-- we chose FishBase for the example because it is one of the few resources where IDs are published (and Nicolas Bailly has helped a lot with SDD! -->
        <ServiceProvider>www.fishbase.org</ServiceProvider>
        <ExternalID>http://www.fishbase.org/Summary/SpeciesSummary.cfm?ID=1029</ExternalID>
        <!-- It is currently unclear how the ServiceProvider and the ExternalID shall function. One model is to have:
        ServiceProvider: http://www.fishbase.org/Summary/SpeciesSummary.cfm?ID={ExternalID}
        ExternalID: 1029
        However, that works badly in the case of webservices, where we do need access to a wsdl file. So, in the case above, ServiceProvider could be left empty, if ExternalID is a comple URL.
        This needs to be figured out! -->
        <FreeFormDescription>Cypselurus heterurus (Rafinesque, 1810)</FreeFormDescription>
        <RankLevel>species</RankLevel>
      </Class>
      <Class key="2">
        <!-- Note that classes are not necessarily accepted/valid class names, they may contain synonyms like this:-->
        <ExternalID>http://www.fishbase.org/Nomenclature/SynonymSummary.cfm?ID=118703</ExternalID>
        <FreeFormDescription>Cheilopogon heterurus</FreeFormDescription>
        <RankLevel>species</RankLevel>
      </Class>
      <Class key="3">
        <ExternalID>http://www.fishbase.org/Summary/SpeciesSummary.cfm?ID=7726</ExternalID>
        <FreeFormDescription>Cypselurus naresii (Günther, 1889)</FreeFormDescription>
        <RankLevel>species</RankLevel>
      </Class>
      <Class key="4">
        <!-- This is a genus record. Note that the ID here is string, not number! -->
        <ExternalID>http://www.fishbase.org/Eschmeyer/GeneraSummary.cfm?ID=Cypselurus</ExternalID>
        <FreeFormDescription>Cypselurus naresii (Günther, 1889)</FreeFormDescription>
        <RankLevel>genus</RankLevel>
      </Class>
    </Classes>
    <ClassHierarchies>
      <ClassHierarchy key="1">
        <!-- one of potentially several alternative hierarchies supported. -->
        <FreeFormDescription>(default taxon hierarchy)</FreeFormDescription>
        <ApplicationData>
          <Application name="x"/>
        </ApplicationData>
        <Node>
          <Class keyref="4"/>
          <Node>
            <Class keyref="1"/>
            <Synonyms>
              <Class keyref="2"/>
            </Synonyms>
          </Node>
          <Node>
            <Class keyref="3"/>
          </Node>
        </Node>
      </ClassHierarchy>
    </ClassHierarchies>
    <Objects>
      <Object key="1">
        <ServiceProvider>DigIR</ServiceProvider>
        <ExternalID>something</ExternalID>
        <FreeFormDescription>Cypselurus naresii collected by Günther in 1.5.1889, London NHM</FreeFormDescription>
        <ClassIdentification keyref="3" IdentificationIsCertain="true"/>
      </Object>
    </Objects>
  </Entities>



  <Resources>
    <Agents>
      <Agent key="1">
        <FreeFormDescription>Gregor Hagedorn</FreeFormDescription>
        <LastName>Hagedorn</LastName>
        <FirstNames>Gregor Maria</FirstNames>
        <URN>http://www.bba.de/PS/Gregor.Hagedorn</URN>
        <Homepage>http://www.diversitycampus.net/people/hagedorn</Homepage>
      </Agent>
      <Agent key="2">
        <FreeFormDescription>Bob Morris</FreeFormDescription>
        <LastName>Morris</LastName>
        <FirstNames>Robert</FirstNames>
        <Homepage>http://www.cs.umb.edu/efg</Homepage>
      </Agent>
      <Agent key="3">
        <FreeFormDescription>Kevin Thiele</FreeFormDescription>
        <LastName>Thiele</LastName>
        <FirstNames>Kevin</FirstNames>
      </Agent>
      <Agent key="4">
        <FreeFormDescription>Bryan Heidorn</FreeFormDescription>
        <LastName>Heidorn</LastName>
        <FirstNames>Bryan</FirstNames>
      </Agent>
    </Agents>
    <Publications>
      <Publication key="111">
        <FreeFormDescription>Author, X (2000). Short Citation, including journal or publisher.</FreeFormDescription>
      </Publication>
      <Publication key="112">
        <ExternalID>http://some.service.net/providing/bibliographic.data</ExternalID>
        <FreeFormDescription>Gee, X. &amp; Haa, Y. (2003). How to be happy in five minutes. Instant Gratifications, Palm Beach.</FreeFormDescription>
        <ApplicationData>
          <Application name="x">
            <Data>Applications may store additional data at the resource connectors.</Data>
          </Application>
        </ApplicationData>
      </Publication>
    </Publications>
    
    

    <MediaResources>
      <MediaResource key="123">
        <ExternalID>http://sdfkjsdf.fksdf.edu/x.gif</ExternalID>
        <FreeFormDescription>xxx</FreeFormDescription>
        <Type>Image</Type>
      </MediaResource>
      <MediaResource key="124">
        <ExternalID>http://xxx.edu/birdsong.mp3</ExternalID>
        <FreeFormDescription>yyy</FreeFormDescription>
        <ApplicationData>
          <Application name="x"><SomeElement></SomeElement></Application></ApplicationData>
        <Type>Audio</Type>
      </MediaResource>
      <MediaResource key="125">
        <ExternalID>www.xxx.org/img/Melampsora_evonymi-caprearum.png</ExternalID>
        <FreeFormDescription>Melampsora evonymi-caprearum</FreeFormDescription>
        <ApplicationData>
          <Application name="x"/>
        </ApplicationData>
        <Type>Image</Type>
        <!-- Caption is optional, missing from the earlier examples! -->
        <Caption>
          <Representation audience="fr5">
            <Text>
              <taxon>Melampsora evonymi-caprearum</taxon>
              <taxonauthor>Kleb.</taxonauthor>, stade II sur <taxon>Salix caprea</taxon>
              <taxonauthor>L.</taxonauthor>
            </Text>
          </Representation>
          <Representation audience="de5">
            <Text>
              <taxon>Melampsora evonymi-caprearum</taxon>
              <taxonauthor>Kleb.</taxonauthor>, Sporenstadium II auf <taxon>Salix caprea</taxon>
              <taxonauthor>L.</taxonauthor>
            </Text>
          </Representation>
          <Representation audience="en5">
            <Text>
              <taxon>Melampsora evonymi-caprearum</taxon>
              <taxonauthor>Kleb.</taxonauthor>, spore stage II on <taxon>Salix caprea</taxon>
              <taxonauthor>L.</taxonauthor>
            </Text>
          </Representation>
        </Caption>
        <!-- Optionally Resources may be included rather than referencens through URIs. -->
        <EncodedData>R0lGODlhcgGSALMAAAQCAEMmCZtuMFQxDS8b</EncodedData>
      </MediaResource>
    </MediaResources>
  </Resources>
</Project>
