<?xml version="1.0" encoding="UTF-8"?>
<Datasets xmlns:xsi="http://www.w3.org/2001/XMLSchema-instance" xmlns="http://www.tdwg.org/2004/UBIF" xsi:schemaLocation="http://www.tdwg.org/2004/UBIF UBIF.xsd">
  <!-- Test file testing whether the UBIF can also be used without a payload schema. This would be useful if a protocol asks first for metadata alone to evaluate whether to retrieve more data. ExternalDataInterface is still present because of the required Creator in Metadata-->
  <Dataset>
    <Derivation datetime="2004-05-03T10:00:00">
      <Generator name="n/a, handcrafted instance document" version="1"/>
      <Transformations>
        <Action addition="0" removal="0" normalization="0"/>
      </Transformations>
    </Derivation>
    <Metadata>
      <Description>
        <Representation language="en">
          <Title>Testing the UBIF</Title>
        </Representation>
      </Description>
      <RevisionData>
        <Creators>
          <AgentRole role="aut">
          <Agent ref="1"/>
          </AgentRole>
        </Creators>
        <LastRevisionDate>2004-05-31T00:00:00</LastRevisionDate>
      </RevisionData>
      <IPRStatements>
        <Representation language="en">
          <Copyright>
            <Text>(c) 2004 Taxonomic databases working group</Text>
          </Copyright>
        </Representation>
      </IPRStatements>
    </Metadata>
    <ExternalDataInterface>
      <Agents>
        <Agent key="1">
          <Label>
            <Representation language="en">
              <Text>Gregor Hagedorn</Text>
            </Representation>
          </Label>
        </Agent>
      </Agents>
    </ExternalDataInterface>
  </Dataset>
</Datasets>
