  <TaxonName id="t1">
    <Representation>
      <Label xml:lang="la">Viola hederacea Labill.</Label>
    </Representation>
  </TaxonName>
  <TaxonName id="t2">
    <Representation>
      <Label xml:lang="en">Mechanitis polymnia</Label>
    </Representation>
  </TaxonName>
  <TaxonName id="t3">
    <Representation>
      <Label xml:lang="en-us">Mechanitis lysimnia</Label>
    </Representation>
  </TaxonName>
  <TaxonName id="t4">
    <Representation>
      <Label xml:lang="en-us">Mechanitis oto</Label>
    </Representation>
  </TaxonName>